"No","種類","地域","市区町村コード","都道府県名","市区町村名","地区名","最寄駅：名称","最寄駅：距離（分）","取引価格（総額）","坪単価","間取り","面積（㎡）","取引価格（㎡単価）","土地の形状","間口","延床面積（㎡）","建築年","建物の構造","用途","今後の利用目的","前面道路：方位","前面道路：種類","前面道路：幅員（ｍ）","都市計画","建ぺい率（％）","容積率（％）","取引時点","改装","取引の事情等"
1,"宅地(土地)","住宅地","13112","東京都","世田谷区","赤堤","経堂","8",61000000,"2300000","","85",710000,"ほぼ整形","10.0","","","","","住宅","南","区道",3.6,"第１種低層住居専用地域",50,100,"2020年第３四半期","",""
2,"中古マンション等","","13112","東京都","世田谷区","赤堤","豪徳寺","5",79000000,"","３ＬＤＫ","85",,"","","","平成15年","ＲＣ","住宅","住宅","","",,"第１種住居地域",60,200,"2020年第３四半期","未改装",""
3,"宅地(土地と建物)","住宅地","13112","東京都","世田谷区","赤堤","下高井戸","6",19000000,"","","80",,"袋地等","","65","昭和59年","木造","共同住宅","住宅","南西","道路",3.4,"第１種低層住居専用地域",60,150,"2020年第３四半期","",""
4,"中古マンション等","","13112","東京都","世田谷区","赤堤","下高井戸","5",61000000,"","３ＬＤＫ","70",,"","","","","ＲＣ","住宅","住宅","","",,"第１種中高層住居専用地域",60,200,"2020年第３四半期","未改装",""
5,"宅地(土地と建物)","住宅地","13112","東京都","世田谷区","赤堤","松原(東京)","9",64000000,"","","85",,"長方形","7.5","115","平成6年","ＲＣ、木造","住宅","住宅","北","私道",4.5,"第１種低層住居専用地域",50,100,"2020年第３四半期","",""
6,"宅地(土地と建物)","住宅地","13112","東京都","世田谷区","赤堤","松原(東京)","7",85000000,"","","120",,"ほぼ長方形","6.7","160","昭和59年","ＲＣ","住宅","住宅","北","区道",5.9,"第１種低層住居専用地域",60,150,"2020年第３四半期","",""
7,"中古マンション等","","13112","東京都","世田谷区","赤堤","松原(東京)","3",54000000,"","３ＬＤＫ","70",,"","","","平成12年","ＲＣ","","住宅","","",,"近隣商業地域",80,300,"2020年第３四半期","改装済",""
8,"宅地(土地)","商業地","13112","東京都","世田谷区","池尻","池尻大橋","12",96000000,"2900000","","105",890000,"ほぼ長方形","7.0","","","","","住宅","北","都道",15.0,"第１種住居地域",60,200,"2020年第３四半期","",""
9,"宅地(土地と建物)","商業地","13112","東京都","世田谷区","池尻","池尻大橋","7",130000000,"","","165",,"ほぼ長方形","9.0","","","","","その他","南","区道",11.0,"近隣商業地域",80,200,"2020年第３四半期","",""
10,"宅地(土地と建物)","商業地","13112","東京都","世田谷区","池尻","池尻大橋","7",70000000,"","","125",,"ほぼ長方形","7.0","","","","","その他","西","私道",2.5,"近隣商業地域",80,200,"2020年第３四半期","",""
11,"宅地(土地と建物)","住宅地","13112","東京都","世田谷区","池尻","池尻大橋","7",59000000,"","","45",,"長方形","4.0","70","平成13年","木造","住宅","住宅","南","区道",4.0,"準工業地域",60,200,"2020年第３四半期","",""
12,"宅地(土地と建物)","住宅地","13112","東京都","世田谷区","池尻","池尻大橋","3",71000000,"","","65",,"長方形","9.0","105","昭和60年","鉄骨造","共同住宅","住宅","北","区道",3.6,"第１種住居地域",60,200,"2020年第３四半期","",""
13,"宅地(土地と建物)","住宅地","13112","東京都","世田谷区","池尻","池尻大橋","12",290000000,"","","200",,"ほぼ長方形","11.0","250","平成30年","ＲＣ","共同住宅","住宅","南","私道",4.0,"第１種中高層住居専用地域",60,200,"2020年第３四半期","","私道を含む取引"
14,"中古マンション等","","13112","東京都","世田谷区","池尻","池尻大橋","6",9100000,"","１Ｋ","15",,"","","","昭和59年","ＲＣ","住宅","住宅","","",,"第１種住居地域",60,200,"2020年第３四半期","未改装",""
15,"中古マンション等","","13112","東京都","世田谷区","池尻","池尻大橋","5",21000000,"","１ＤＫ","40",,"","","","昭和50年","ＳＲＣ","","住宅","","",,"商業地域",80,500,"2020年第３四半期","",""
16,"中古マンション等","","13112","東京都","世田谷区","池尻","池尻大橋","7",31000000,"","１Ｋ","25",,"","","","平成18年","ＲＣ","住宅","住宅","","",,"近隣商業地域",80,300,"2020年第３四半期","",""
17,"宅地(土地と建物)","住宅地","13112","東京都","世田谷区","梅丘","梅ケ丘","11",49000000,"","","85",,"ほぼ長方形","7.7","90","昭和61年","木造","共同住宅","住宅","南東","私道",1.9,"第１種低層住居専用地域",60,150,"2020年第３四半期","",""
18,"宅地(土地)","住宅地","13112","東京都","世田谷区","梅丘","梅ケ丘","9",52000000,"2300000","","75",680000,"ほぼ長方形","5.5","","","","","住宅","東","区道",3.7,"第１種低層住居専用地域",60,150,"2020年第３四半期","",""
19,"宅地(土地と建物)","住宅地","13112","東京都","世田谷区","梅丘","梅ケ丘","8",82000000,"","","70",,"長方形","6.4","105","令和2年","木造","住宅","住宅","北","私道",2.5,"第１種低層住居専用地域",60,150,"2020年第３四半期","",""
20,"宅地(土地と建物)","住宅地","13112","東京都","世田谷区","梅丘","梅ケ丘","8",120000000,"","","100",,"ほぼ長方形","8.0","145","平成31年","木造","住宅","住宅","南","区道",4.5,"第１種低層住居専用地域",60,150,"2020年第３四半期","",""
21,"宅地(土地と建物)","住宅地","13112","東京都","世田谷区","梅丘","梅ケ丘","5",79000000,"","","115",,"不整形","2.5","115","平成19年","木造","住宅","住宅","西","区道",11.0,"第１種中高層住居専用地域",60,200,"2020年第３四半期","",""
22,"中古マンション等","","13112","東京都","世田谷区","梅丘","梅ケ丘","8",48000000,"","２ＬＤＫ","60",,"","","","平成15年","ＲＣ","住宅","住宅","","",,"第１種中高層住居専用地域",60,200,"2020年第３四半期","未改装",""
23,"中古マンション等","","13112","東京都","世田谷区","梅丘","梅ケ丘","8",64000000,"","２ＬＤＫ","70",,"","","","平成15年","ＲＣ","住宅","住宅","","",,"第１種中高層住居専用地域",60,200,"2020年第３四半期","",""
24,"宅地(土地)","住宅地","13112","東京都","世田谷区","梅丘","豪徳寺","5",65000000,"3000000","","70",920000,"ほぼ整形","5.2","","","","","住宅","南","区道",5.6,"第１種中高層住居専用地域",60,200,"2020年第３四半期","",""
25,"中古マンション等","","13112","東京都","世田谷区","大蔵","成城学園前","23",38000000,"","３ＬＤＫ","80",,"","","","平成15年","ＲＣ","","住宅","","",,"第１種中高層住居専用地域",60,200,"2020年第３四半期","未改装",""
26,"宅地(土地と建物)","住宅地","13112","東京都","世田谷区","大蔵","祖師ケ谷大蔵","21",53000000,"","","85",,"不整形","2.2","95","平成15年","木造","住宅","住宅","西","区道",4.0,"第１種中高層住居専用地域",60,200,"2020年第３四半期","",""
27,"宅地(土地)","住宅地","13112","東京都","世田谷区","大原","下北沢","8",110000000,"3100000","","115",930000,"台形","11.5","","","","","住宅","南西","区道",3.7,"第１種低層住居専用地域",50,150,"2020年第３四半期","",""
28,"中古マンション等","","13112","東京都","世田谷区","大原","代田橋","3",24000000,"","１Ｋ","25",,"","","","平成17年","ＲＣ","住宅","住宅","","",,"第１種住居地域",60,200,"2020年第３四半期","改装済",""
29,"中古マンション等","","13112","東京都","世田谷区","大原","代田橋","7",34000000,"","１Ｋ","25",,"","","","平成31年","ＲＣ","住宅","住宅","","",,"第２種中高層住居専用地域",60,200,"2020年第３四半期","未改装",""
30,"中古マンション等","","13112","東京都","世田谷区","大原","代田橋","6",35000000,"","１ＬＤＫ","40",,"","","","平成15年","ＲＣ","住宅","住宅","","",,"近隣商業地域",80,300,"2020年第３四半期","改装済",""
31,"中古マンション等","","13112","東京都","世田谷区","大原","代田橋","2",26000000,"","","20",,"","","","平成17年","ＳＲＣ","住宅","住宅","","",,"商業地域",80,400,"2020年第３四半期","未改装",""
32,"中古マンション等","","13112","東京都","世田谷区","大原","代田橋","2",22000000,"","１Ｋ","20",,"","","","平成17年","ＳＲＣ","住宅","住宅","","",,"商業地域",80,400,"2020年第３四半期","未改装",""
33,"宅地(土地)","住宅地","13112","東京都","世田谷区","岡本","二子玉川","25",35000000,"1200000","","100",350000,"長方形","","","","","","住宅","南西","区道",5.7,"第１種低層住居専用地域",50,100,"2020年第３四半期","",""
34,"中古マンション等","","13112","東京都","世田谷区","岡本","二子玉川","20",59000000,"","３ＬＤＫ","75",,"","","","平成26年","ＲＣ","住宅","住宅","","",,"第２種低層住居専用地域",60,200,"2020年第３四半期","改装済",""
35,"宅地(土地と建物)","住宅地","13112","東京都","世田谷区","岡本","用賀","20",260000000,"","","500",,"長方形","14.3","330","平成28年","木造","住宅、駐車場","事務所","南東","区道",6.0,"第１種低層住居専用地域",50,100,"2020年第３四半期","",""
36,"宅地(土地と建物)","住宅地","13112","東京都","世田谷区","岡本","用賀","15",74000000,"","","100",,"ほぼ台形","9.3","90","平成25年","木造","住宅","住宅","北東","区道",6.0,"第１種低層住居専用地域",50,100,"2020年第３四半期","",""
37,"中古マンション等","","13112","東京都","世田谷区","岡本","用賀","28",24000000,"","２ＬＤＫ","60",,"","","","昭和53年","ＲＣ","住宅","住宅","","",,"第１種低層住居専用地域",50,100,"2020年第３四半期","未改装",""
38,"宅地(土地と建物)","住宅地","13112","東京都","世田谷区","奥沢","奥沢","7",79000000,"","","105",,"長方形","5.3","95","平成20年","木造","住宅","住宅","東","私道",4.0,"第１種低層住居専用地域",50,100,"2020年第３四半期","",""
39,"宅地(土地と建物)","住宅地","13112","東京都","世田谷区","奥沢","奥沢","9",88000000,"","","95",,"不整形","4.7","90","平成31年","木造","住宅","住宅","北","区道",5.5,"第１種低層住居専用地域",50,100,"2020年第３四半期","",""
40,"宅地(土地)","住宅地","13112","東京都","世田谷区","奥沢","奥沢","6",90000000,"2900000","","105",860000,"ほぼ長方形","7.3","","","","","住宅","南","区道",5.4,"第１種低層住居専用地域",50,100,"2020年第３四半期","",""
41,"宅地(土地と建物)","住宅地","13112","東京都","世田谷区","奥沢","奥沢","5",95000000,"","","175",,"ほぼ長方形","12.0","165","昭和62年","木造","共同住宅","","北","区道",5.4,"第１種低層住居専用地域",50,100,"2020年第３四半期","",""
42,"中古マンション等","","13112","東京都","世田谷区","奥沢","奥沢","1",60000000,"","２ＤＫ","50",,"","","","平成14年","ＳＲＣ","住宅","住宅","","",,"商業地域",80,500,"2020年第３四半期","未改装",""
43,"宅地(土地)","住宅地","13112","東京都","世田谷区","奥沢","九品仏","8",90000000,"2600000","","110",800000,"台形","6.0","","","","","住宅","西","区道",9.8,"第２種低層住居専用地域",60,150,"2020年第３四半期","",""
44,"宅地(土地と建物)","住宅地","13112","東京都","世田谷区","奥沢","九品仏","7",130000000,"","","180",,"長方形","11.5","170","昭和56年","木造","住宅","住宅","南","区道",6.2,"第２種低層住居専用地域",60,150,"2020年第３四半期","",""
45,"宅地(土地)","住宅地","13112","東京都","世田谷区","奥沢","自由が丘(東京)","4",88000000,"4400000","","65",1300000,"ほぼ正方形","7.7","","","","","その他","北","区道",3.8,"第１種低層住居専用地域",50,100,"2020年第３四半期","",""
46,"宅地(土地と建物)","住宅地","13112","東京都","世田谷区","奥沢","緑が丘(東京)","5",130000000,"","","105",,"ほぼ長方形","6.7","105","令和2年","木造","住宅","住宅","南","区道",5.4,"第１種低層住居専用地域",50,100,"2020年第３四半期","",""
47,"宅地(土地と建物)","住宅地","13112","東京都","世田谷区","尾山台","尾山台","6",110000000,"","","100",,"長方形","12.4","125","","","住宅","住宅","北","区道",6.3,"第１種低層住居専用地域",50,100,"2020年第３四半期","",""
48,"宅地(土地と建物)","住宅地","13112","東京都","世田谷区","尾山台","尾山台","12",130000000,"","","280",,"袋地等","4.5","165","平成17年","木造","住宅","住宅","南","区道",4.4,"第１種低層住居専用地域",40,80,"2020年第３四半期","",""
49,"中古マンション等","","13112","東京都","世田谷区","尾山台","尾山台","5",53000000,"","２ＬＤＫ","55",,"","","","平成15年","ＲＣ","住宅","住宅","","",,"第２種住居地域",60,300,"2020年第３四半期","未改装",""
50,"宅地(土地)","住宅地","13112","東京都","世田谷区","尾山台","九品仏","10",90000000,"1800000","","170",530000,"不整形","7.6","","","","","住宅","西","区道",7.8,"第１種低層住居専用地域",40,80,"2020年第３四半期","",""
51,"中古マンション等","","13112","東京都","世田谷区","尾山台","九品仏","7",25000000,"","１Ｋ","25",,"","","","平成24年","ＲＣ","住宅","その他","","",,"第２種住居地域",60,200,"2020年第３四半期","",""
52,"中古マンション等","","13112","東京都","世田谷区","尾山台","九品仏","16",47000000,"","３ＬＤＫ","75",,"","","","昭和59年","ＲＣ","住宅","住宅","","",,"第１種低層住居専用地域",50,100,"2020年第３四半期","改装済",""
53,"宅地(土地と建物)","住宅地","13112","東京都","世田谷区","粕谷","千歳烏山","10",72000000,"","","100",,"ほぼ整形","8.9","95","平成23年","木造","住宅","住宅","東","私道",6.6,"第１種低層住居専用地域",50,100,"2020年第３四半期","",""
54,"宅地(土地と建物)","住宅地","13112","東京都","世田谷区","粕谷","千歳烏山","10",74000000,"","","150",,"ほぼ台形","9.5","150","平成2年","軽量鉄骨造","共同住宅","住宅","北西","区道",3.9,"第１種低層住居専用地域",60,150,"2020年第３四半期","",""
55,"宅地(土地と建物)","住宅地","13112","東京都","世田谷区","粕谷","千歳烏山","15",68000000,"","","105",,"ほぼ長方形","5.7","95","令和2年","木造","住宅","住宅","北","区道",4.0,"第１種低層住居専用地域",50,100,"2020年第３四半期","",""
56,"宅地(土地と建物)","住宅地","13112","東京都","世田谷区","粕谷","千歳烏山","13",61000000,"","","110",,"長方形","10.9","85","令和2年","木造","住宅","住宅","北","私道",4.0,"第１種低層住居専用地域",50,100,"2020年第３四半期","","私道を含む取引"
57,"宅地(土地)","住宅地","13112","東京都","世田谷区","粕谷","千歳烏山","8",57000000,"1800000","","105",550000,"ほぼ長方形","8.1","","","","","住宅","南","区道",4.0,"第１種低層住居専用地域",50,100,"2020年第３四半期","",""
58,"中古マンション等","","13112","東京都","世田谷区","粕谷","千歳烏山","13",52000000,"","３ＬＤＫ","65",,"","","","平成23年","ＲＣ","","住宅","","",,"第１種中高層住居専用地域",60,200,"2020年第３四半期","未改装",""
59,"中古マンション等","","13112","東京都","世田谷区","粕谷","八幡山","10",56000000,"","３ＬＤＫ","70",,"","","","平成25年","ＲＣ","","住宅","","",,"第１種低層住居専用地域",50,100,"2020年第３四半期","未改装",""
60,"中古マンション等","","13112","東京都","世田谷区","粕谷","八幡山","13",43000000,"","２ＬＤＫ","65",,"","","","平成16年","ＲＣ","住宅","住宅","","",,"第２種住居地域",60,300,"2020年第３四半期","改装済",""
61,"宅地(土地)","住宅地","13112","東京都","世田谷区","鎌田","二子玉川","29",39000000,"1300000","","100",390000,"ほぼ長方形","8.3","","","","","住宅","東","区道",4.5,"第１種低層住居専用地域",50,100,"2020年第３四半期","",""
62,"宅地(土地と建物)","住宅地","13112","東京都","世田谷区","鎌田","二子玉川","26",33000000,"","","50",,"ほぼ正方形","7.0","35","令和2年","木造","住宅","住宅","西","区道",3.6,"第１種低層住居専用地域",50,100,"2020年第３四半期","",""
63,"宅地(土地)","住宅地","13112","東京都","世田谷区","鎌田","二子玉川","20",57000000,"1900000","","100",570000,"長方形","7.2","","","","","","北東","区道",6.0,"第２種低層住居専用地域",60,200,"2020年第３四半期","",""
64,"中古マンション等","","13112","東京都","世田谷区","鎌田","二子玉川","23",23000000,"","３ＬＤＫ","60",,"","","","昭和61年","ＲＣ","住宅","住宅","","",,"第１種中高層住居専用地域",60,200,"2020年第３四半期","未改装",""
65,"中古マンション等","","13112","東京都","世田谷区","鎌田","二子玉川","28",44000000,"","３ＬＤＫ","70",,"","","","平成16年","鉄骨造","住宅","住宅","","",,"第１種低層住居専用地域",50,100,"2020年第３四半期","改装済",""
66,"宅地(土地と建物)","住宅地","13112","東京都","世田谷区","上馬","駒沢大学","3",400000000,"","","420",,"ほぼ正方形","20.1","320","平成4年","ＲＣ、木造","住宅","住宅","西","区道",3.6,"第１種住居地域",60,200,"2020年第３四半期","",""
67,"宅地(土地)","住宅地","13112","東京都","世田谷区","上馬","駒沢大学","6",43000000,"2900000","","50",870000,"ほぼ長方形","6.0","","","","","住宅","西","区道",5.2,"第１種低層住居専用地域",60,150,"2020年第３四半期","",""
68,"宅地(土地と建物)","商業地","13112","東京都","世田谷区","上馬","駒沢大学","9",540000000,"","","280",,"ほぼ整形","21.0","1300","昭和45年","ＳＲＣ","共同住宅、事務所","住宅","北西","国道",30.0,"商業地域",80,500,"2020年第３四半期","",""
69,"宅地(土地と建物)","住宅地","13112","東京都","世田谷区","上馬","駒沢大学","11",68000000,"","","80",,"不整形","","95","平成25年","木造","住宅","住宅","南東","私道",4.0,"第１種低層住居専用地域",60,150,"2020年第３四半期","",""
70,"宅地(土地)","住宅地","13112","東京都","世田谷区","上馬","駒沢大学","6",150000000,"1700000","","290",530000,"長方形","9.0","","","","","","西","区道",8.0,"第１種中高層住居専用地域",60,150,"2020年第３四半期","",""
71,"宅地(土地)","住宅地","13112","東京都","世田谷区","上馬","駒沢大学","7",90000000,"3100000","","95",940000,"ほぼ長方形","11.8","","","","","住宅","南西","区道",5.0,"第１種低層住居専用地域",60,150,"2020年第３四半期","","私道を含む取引"
72,"宅地(土地と建物)","住宅地","13112","東京都","世田谷区","上馬","駒沢大学","10",50000000,"","","75",,"不整形","2.7","85","平成2年","木造","住宅","住宅","西","区道",6.0,"第１種中高層住居専用地域",60,200,"2020年第３四半期","",""
73,"宅地(土地)","住宅地","13112","東京都","世田谷区","上馬","駒沢大学","10",63000000,"2500000","","85",760000,"長方形","6.0","","","","","住宅","東","私道",3.5,"第１種低層住居専用地域",50,100,"2020年第３四半期","",""
74,"宅地(土地と建物)","住宅地","13112","東京都","世田谷区","上馬","駒沢大学","10",210000000,"","","270",,"不整形","","370","平成20年","軽量鉄骨造","共同住宅","住宅","北","私道",3.5,"第１種低層住居専用地域",60,150,"2020年第３四半期","","私道を含む取引"
75,"宅地(土地)","住宅地","13112","東京都","世田谷区","上馬","駒沢大学","7",110000000,"2000000","","180",610000,"長方形","10.0","","","","","住宅","北","区道",6.0,"第１種低層住居専用地域",50,100,"2020年第３四半期","",""
76,"中古マンション等","","13112","東京都","世田谷区","上馬","駒沢大学","3",29000000,"","１Ｋ","20",,"","","","平成18年","ＲＣ","住宅","住宅","","",,"商業地域",80,500,"2020年第３四半期","",""
77,"中古マンション等","","13112","東京都","世田谷区","上馬","駒沢大学","10",8500000,"","１Ｋ","20",,"","","","平成10年","ＲＣ","住宅","住宅","","",,"第２種中高層住居専用地域",60,200,"2020年第３四半期","未改装",""
78,"中古マンション等","","13112","東京都","世田谷区","上馬","駒沢大学","2",33000000,"","２ＬＤＫ","40",,"","","","昭和59年","ＲＣ","住宅","住宅","","",,"第１種中高層住居専用地域",60,200,"2020年第３四半期","改装済",""
79,"宅地(土地)","住宅地","13112","東京都","世田谷区","上馬","三軒茶屋","9",51000000,"1900000","","90",560000,"ほぼ正方形","6.9","","","","","住宅","東","区道",3.5,"第１種低層住居専用地域",60,150,"2020年第３四半期","",""
80,"宅地(土地と建物)","住宅地","13112","東京都","世田谷区","上馬","三軒茶屋","9",75000000,"","","90",,"ほぼ整形","5.5","100","昭和64年","木造","共同住宅","住宅","西","私道",4.0,"第１種低層住居専用地域",60,150,"2020年第３四半期","","私道を含む取引"
81,"中古マンション等","","13112","東京都","世田谷区","上馬","三軒茶屋","8",22000000,"","１Ｋ","20",,"","","","平成16年","ＲＣ","住宅","住宅","","",,"商業地域",80,500,"2020年第３四半期","未改装",""
82,"中古マンション等","","13112","東京都","世田谷区","上馬","三軒茶屋","7",20000000,"","１Ｋ","20",,"","","","平成11年","ＳＲＣ","住宅","住宅","","",,"商業地域",80,500,"2020年第３四半期","",""
83,"中古マンション等","","13112","東京都","世田谷区","上馬","三軒茶屋","9",42000000,"","３ＤＫ","45",,"","","","昭和61年","ＲＣ","住宅","住宅","","",,"第１種低層住居専用地域",60,150,"2020年第３四半期","改装済",""
84,"中古マンション等","","13112","東京都","世田谷区","上馬","三軒茶屋","8",22000000,"","１Ｋ","20",,"","","","平成16年","ＲＣ","住宅","住宅","","",,"商業地域",80,500,"2020年第３四半期","未改装",""
85,"中古マンション等","","13112","東京都","世田谷区","上馬","三軒茶屋","13",24000000,"","１Ｋ","20",,"","","","平成15年","ＲＣ","住宅","住宅","","",,"近隣商業地域",80,300,"2020年第３四半期","未改装",""
86,"中古マンション等","","13112","東京都","世田谷区","上馬","三軒茶屋","8",30000000,"","２ＬＤＫ","45",,"","","","昭和58年","ＳＲＣ","住宅","住宅","","",,"商業地域",80,500,"2020年第３四半期","改装済",""
87,"宅地(土地)","住宅地","13112","東京都","世田谷区","上馬","松陰神社前","6",91000000,"1100000","","280",320000,"不整形","2.7","","","","","","西","区道",5.9,"第１種低層住居専用地域",60,150,"2020年第３四半期","",""
88,"宅地(土地)","住宅地","13112","東京都","世田谷区","上馬","松陰神社前","8",120000000,"2100000","","195",630000,"不整形","10.2","","","","","住宅","北東","区道",6.0,"第１種低層住居専用地域",50,100,"2020年第３四半期","",""
89,"宅地(土地と建物)","住宅地","13112","東京都","世田谷区","上北沢","上北沢","",250000000,"","","420",,"台形","19.5","470","昭和64年","鉄骨造","共同住宅","住宅","西","区道",3.5,"第１種低層住居専用地域",50,100,"2020年第３四半期","",""
90,"宅地(土地と建物)","住宅地","13112","東京都","世田谷区","上北沢","上北沢","11",78000000,"","","140",,"ほぼ台形","7.7","105","令和2年","木造","住宅","住宅","西","私道",4.0,"第１種中高層住居専用地域",60,200,"2020年第３四半期","","私道を含む取引"
91,"宅地(土地)","住宅地","13112","東京都","世田谷区","上北沢","上北沢","8",72000000,"1900000","","120",590000,"ほぼ長方形","10.5","","","","","住宅","南西","区道",12.7,"第１種低層住居専用地域",50,100,"2020年第３四半期","",""
92,"宅地(土地と建物)","住宅地","13112","東京都","世田谷区","上北沢","上北沢","4",150000000,"","","120",,"長方形","8.4","110","令和2年","木造","住宅","住宅","北","区道",5.2,"第１種低層住居専用地域",50,100,"2020年第３四半期","",""
93,"宅地(土地と建物)","住宅地","13112","東京都","世田谷区","上北沢","上北沢","5",50000000,"","","120",,"長方形","9.5","105","昭和43年","木造","共同住宅","住宅","西","私道",3.5,"第１種低層住居専用地域",50,100,"2020年第３四半期","","私道を含む取引"
94,"中古マンション等","","13112","東京都","世田谷区","上北沢","上北沢","6",52000000,"","３ＬＤＫ","70",,"","","","昭和62年","ＲＣ","","住宅","","",,"第１種住居地域",60,200,"2020年第３四半期","改装済",""
95,"中古マンション等","","13112","東京都","世田谷区","上北沢","上北沢","10",40000000,"","２ＬＤＫ","60",,"","","","平成8年","ＲＣ","住宅","住宅","","",,"第１種中高層住居専用地域",60,200,"2020年第３四半期","改装済",""
96,"中古マンション等","","13112","東京都","世田谷区","上北沢","上北沢","3",21000000,"","１Ｋ","20",,"","","","平成12年","ＲＣ","住宅","住宅","","",,"近隣商業地域",80,300,"2020年第３四半期","未改装",""
97,"中古マンション等","","13112","東京都","世田谷区","上北沢","上北沢","7",14000000,"","１Ｋ","20",,"","","","昭和64年","ＲＣ","住宅","住宅","","",,"第１種中高層住居専用地域",60,200,"2020年第３四半期","",""
98,"宅地(土地と建物)","住宅地","13112","東京都","世田谷区","上北沢","桜上水","14",71000000,"","","115",,"ほぼ台形","10.9","100","平成25年","木造","住宅","住宅","南","私道",5.3,"第１種低層住居専用地域",50,100,"2020年第３四半期","","私道を含む取引"
99,"宅地(土地)","商業地","13112","東京都","世田谷区","上北沢","八幡山","4",140000000,"2000000","","230",600000,"不整形","5.5","","","","","","北","国道",25.0,"近隣商業地域",80,300,"2020年第３四半期","",""
100,"宅地(土地)","住宅地","13112","東京都","世田谷区","上祖師谷","仙川","11",23000000,"1700000","","45",520000,"長方形","4.5","","","","","","南","区道",7.4,"第１種低層住居専用地域",50,100,"2020年第３四半期","",""
101,"宅地(土地と建物)","住宅地","13112","東京都","世田谷区","上祖師谷","仙川","15",62000000,"","","155",,"ほぼ長方形","12.8","105","平成23年","木造","住宅","住宅","南","私道",4.0,"第１種低層住居専用地域",50,100,"2020年第３四半期","",""
102,"宅地(土地と建物)","住宅地","13112","東京都","世田谷区","上祖師谷","仙川","9",39000000,"","","105",,"ほぼ長方形","4.0","75","昭和43年","木造","住宅、共同住宅","住宅","北西","道路",4.0,"第１種低層住居専用地域",50,100,"2020年第３四半期","",""
103,"宅地(土地と建物)","住宅地","13112","東京都","世田谷区","上祖師谷","仙川","13",83000000,"","","135",,"ほぼ長方形","9.1","105","平成21年","木造","住宅","住宅","西","区道",4.5,"第１種低層住居専用地域",50,100,"2020年第３四半期","","私道を含む取引"
104,"宅地(土地)","住宅地","13112","東京都","世田谷区","上祖師谷","千歳烏山","6",300000000,"2000000","","490",610000,"ほぼ長方形","17.0","","","","","住宅","南東","区道",6.0,"第１種低層住居専用地域",50,100,"2020年第３四半期","",""
105,"宅地(土地と建物)","住宅地","13112","東京都","世田谷区","上祖師谷","千歳烏山","16",62000000,"","","100",,"ほぼ長方形","5.9","100","令和2年","木造","住宅","住宅","東","区道",4.0,"第１種低層住居専用地域",40,80,"2020年第３四半期","",""
106,"宅地(土地と建物)","住宅地","13112","東京都","世田谷区","上祖師谷","千歳烏山","14",69000000,"","","105",,"袋地等","2.9","90","令和2年","木造","住宅","住宅","南西","区道",5.0,"第１種低層住居専用地域",50,100,"2020年第３四半期","",""
107,"宅地(土地)","住宅地","13112","東京都","世田谷区","上祖師谷","千歳烏山","14",32000000,"1500000","","70",450000,"ほぼ長方形","7.6","","","","","住宅","南東","私道",4.5,"第１種低層住居専用地域",50,100,"2020年第３四半期","","私道を含む取引"
108,"宅地(土地と建物)","住宅地","13112","東京都","世田谷区","上祖師谷","千歳烏山","19",57000000,"","","145",,"袋地等","2.5","95","令和2年","木造","住宅","住宅","西","区道",3.8,"第１種低層住居専用地域",40,80,"2020年第３四半期","","私道を含む取引"
109,"中古マンション等","","13112","東京都","世田谷区","上祖師谷","千歳烏山","4",16000000,"","１Ｋ","20",,"","","","平成7年","ＲＣ","住宅","住宅","","",,"第１種中高層住居専用地域",60,200,"2020年第３四半期","未改装",""
110,"中古マンション等","","13112","東京都","世田谷区","上祖師谷","千歳烏山","15",50000000,"","３ＬＤＫ","65",,"","","","平成21年","ＲＣ","","住宅","","",,"第１種低層住居専用地域",50,100,"2020年第３四半期","未改装",""
111,"中古マンション等","","13112","東京都","世田谷区","上祖師谷","千歳烏山","15",53000000,"","２ＬＤＫ","65",,"","","","平成21年","ＲＣ","","住宅","","",,"第１種低層住居専用地域",50,100,"2020年第３四半期","未改装",""
112,"宅地(土地)","住宅地","13112","東京都","世田谷区","上野毛","上野毛","6",96000000,"2800000","","110",850000,"長方形","7.2","","","","","住宅","南","区道",5.5,"第２種低層住居専用地域",60,150,"2020年第３四半期","",""
113,"宅地(土地)","住宅地","13112","東京都","世田谷区","上野毛","上野毛","12",51000000,"1600000","","105",480000,"袋地等","2.6","","","","","","南東","区道",5.0,"第１種低層住居専用地域",50,100,"2020年第３四半期","",""
114,"宅地(土地)","住宅地","13112","東京都","世田谷区","上野毛","上野毛","6",75000000,"2300000","","110",690000,"ほぼ整形","10.0","","","","","住宅","北東","区道",6.2,"第１種低層住居専用地域",50,100,"2020年第３四半期","",""
115,"宅地(土地と建物)","住宅地","13112","東京都","世田谷区","上野毛","上野毛","11",66000000,"","","80",,"不整形","2.0","70","","木造","住宅","住宅","南西","区道",6.2,"第１種低層住居専用地域",50,100,"2020年第３四半期","",""
116,"宅地(土地)","住宅地","13112","東京都","世田谷区","上野毛","上野毛","14",74000000,"2100000","","120",620000,"長方形","7.8","","","","","住宅","北東","区道",6.2,"第１種低層住居専用地域",50,100,"2020年第３四半期","",""
117,"宅地(土地と建物)","住宅地","13112","東京都","世田谷区","上野毛","上野毛","5",180000000,"","","175",,"ほぼ長方形","8.6","125","平成26年","鉄骨造","住宅","住宅","北東","区道",6.1,"第１種低層住居専用地域",50,100,"2020年第３四半期","",""
118,"宅地(土地)","住宅地","13112","東京都","世田谷区","上野毛","上野毛","3",100000000,"2400000","","135",740000,"ほぼ長方形","9.8","","","","","住宅","西","区道",6.2,"第１種低層住居専用地域",40,80,"2020年第３四半期","",""
119,"中古マンション等","","13112","東京都","世田谷区","上野毛","上野毛","12",53000000,"","２ＬＤＫ","75",,"","","","昭和59年","ＲＣ","住宅","住宅","","",,"第１種低層住居専用地域",50,100,"2020年第３四半期","未改装",""
120,"中古マンション等","","13112","東京都","世田谷区","上野毛","上野毛","5",43000000,"","２ＬＤＫ","65",,"","","","平成25年","ＲＣ","住宅","住宅","","",,"第１種住居地域",60,200,"2020年第３四半期","未改装",""
121,"中古マンション等","","13112","東京都","世田谷区","上野毛","上野毛","5",48000000,"","２ＬＤＫ","55",,"","","","昭和54年","ＲＣ","","住宅","","",,"近隣商業地域",80,200,"2020年第３四半期","",""
122,"中古マンション等","","13112","東京都","世田谷区","上野毛","上野毛","8",20000000,"","１Ｋ","20",,"","","","平成18年","ＲＣ","住宅","住宅","","",,"近隣商業地域",80,300,"2020年第３四半期","未改装",""
123,"中古マンション等","","13112","東京都","世田谷区","上用賀","千歳船橋","18",42000000,"","２ＬＤＫ","70",,"","","","昭和52年","ＲＣ","","住宅","","",,"第１種中高層住居専用地域",60,200,"2020年第３四半期","未改装",""
124,"宅地(土地)","住宅地","13112","東京都","世田谷区","上用賀","用賀","20",40000000,"2400000","","55",720000,"ほぼ正方形","7.2","","","","","住宅","東","区道",6.0,"第１種低層住居専用地域",50,100,"2020年第３四半期","",""
125,"宅地(土地)","住宅地","13112","東京都","世田谷区","上用賀","用賀","15",71000000,"2200000","","110",660000,"ほぼ整形","4.5","","","","","住宅","南東","私道",4.0,"第１種低層住居専用地域",50,100,"2020年第３四半期","",""
126,"宅地(土地)","住宅地","13112","東京都","世田谷区","上用賀","用賀","18",69000000,"2600000","","85",790000,"ほぼ整形","7.9","","","","","","北","区道",7.9,"第１種低層住居専用地域",50,100,"2020年第３四半期","",""
127,"宅地(土地)","住宅地","13112","東京都","世田谷区","上用賀","用賀","18",64000000,"1800000","","115",550000,"長方形","7.6","","","","","住宅","北","区道",4.0,"第１種低層住居専用地域",50,100,"2020年第３四半期","",""
128,"宅地(土地)","住宅地","13112","東京都","世田谷区","上用賀","用賀","15",66000000,"2400000","","90",740000,"ほぼ長方形","5.3","","","","","住宅","北","区道",8.0,"第１種低層住居専用地域",50,100,"2020年第３四半期","",""
129,"宅地(土地)","住宅地","13112","東京都","世田谷区","上用賀","用賀","18",63000000,"2500000","","85",750000,"ほぼ長方形","8.5","","","","","住宅","北","区道",7.9,"第１種低層住居専用地域",50,100,"2020年第３四半期","",""
130,"宅地(土地と建物)","住宅地","13112","東京都","世田谷区","上用賀","用賀","13",70000000,"","","90",,"長方形","4.0","90","平成28年","木造","住宅","住宅","北","私道",4.0,"第１種低層住居専用地域",50,100,"2020年第３四半期","",""
131,"中古マンション等","","13112","東京都","世田谷区","上用賀","用賀","11",55000000,"","２ＬＤＫ","70",,"","","","平成21年","ＲＣ","","住宅","","",,"第１種中高層住居専用地域",60,200,"2020年第３四半期","未改装",""
132,"中古マンション等","","13112","東京都","世田谷区","上用賀","用賀","9",30000000,"","１ＤＫ","35",,"","","","平成14年","ＲＣ","","住宅","","",,"第１種低層住居専用地域",50,100,"2020年第３四半期","未改装",""
133,"中古マンション等","","13112","東京都","世田谷区","上用賀","用賀","10",63000000,"","３ＬＤＫ","75",,"","","","平成15年","ＲＣ","","住宅","","",,"第１種中高層住居専用地域",60,200,"2020年第３四半期","未改装",""
134,"宅地(土地)","住宅地","13112","東京都","世田谷区","北烏山","久我山","14",45000000,"1600000","","95",480000,"ほぼ長方形","6.4","","","","","住宅","西","区道",6.0,"第１種低層住居専用地域",50,100,"2020年第３四半期","",""
135,"宅地(土地と建物)","住宅地","13112","東京都","世田谷区","北烏山","久我山","23",44000000,"","","85",,"長方形","6.3","85","平成16年","木造","住宅","住宅","北","道路",6.0,"第１種低層住居専用地域",50,100,"2020年第３四半期","",""
136,"中古マンション等","","13112","東京都","世田谷区","北烏山","久我山","11",50000000,"","３ＬＤＫ","60",,"","","","平成6年","ＲＣ","住宅","住宅","","",,"第１種中高層住居専用地域",60,200,"2020年第３四半期","改装済",""
137,"中古マンション等","","13112","東京都","世田谷区","北烏山","久我山","16",62000000,"","３ＬＤＫ","90",,"","","","平成17年","ＲＣ","住宅","住宅","","",,"第１種低層住居専用地域",50,100,"2020年第３四半期","改装済",""
138,"宅地(土地と建物)","住宅地","13112","東京都","世田谷区","北烏山","千歳烏山","11",76000000,"","","110",,"長方形","5.9","90","令和2年","木造","住宅","住宅","北","私道",4.0,"第１種低層住居専用地域",50,100,"2020年第３四半期","",""
139,"宅地(土地)","住宅地","13112","東京都","世田谷区","北烏山","千歳烏山","9",44000000,"1400000","","105",420000,"不整形","2.9","","","","","住宅","南","区道",5.0,"第１種低層住居専用地域",50,100,"2020年第３四半期","",""
140,"宅地(土地と建物)","住宅地","13112","東京都","世田谷区","北烏山","千歳烏山","13",100000000,"","","280",,"ほぼ長方形","10.0","240","平成17年","木造","住宅","住宅","北西","区道",10.8,"第２種中高層住居専用地域",60,200,"2020年第３四半期","","私道を含む取引"
141,"宅地(土地と建物)","住宅地","13112","東京都","世田谷区","北烏山","千歳烏山","15",31000000,"","","80",,"不整形","3.2","55","平成16年","木造","住宅","住宅","南西","区道",6.0,"第１種低層住居専用地域",50,100,"2020年第３四半期","",""
142,"宅地(土地と建物)","住宅地","13112","東京都","世田谷区","北烏山","千歳烏山","9",340000000,"","","320",,"不整形","","440","平成31年","木造","住宅","住宅","東","区道",7.9,"第１種中高層住居専用地域",60,200,"2020年第３四半期","",""
143,"宅地(土地と建物)","住宅地","13112","東京都","世田谷区","北烏山","千歳烏山","9",140000000,"","","120",,"ほぼ整形","7.3","180","平成31年","木造","住宅","住宅","東","区道",7.9,"第１種中高層住居専用地域",60,200,"2020年第３四半期","",""
144,"中古マンション等","","13112","東京都","世田谷区","北烏山","千歳烏山","6",74000000,"","２ＬＤＫ","90",,"","","","平成17年","ＲＣ","住宅","住宅","","",,"第１種中高層住居専用地域",60,200,"2020年第３四半期","未改装",""
145,"中古マンション等","","13112","東京都","世田谷区","北烏山","千歳烏山","17",22000000,"","３ＬＤＫ","70",,"","","","平成12年","ＲＣ","住宅","住宅","","",,"第１種中高層住居専用地域",60,200,"2020年第３四半期","未改装","関係者間取引"
146,"中古マンション等","","13112","東京都","世田谷区","北烏山","千歳烏山","14",8000000,"","２ＤＫ","40",,"","","","昭和41年","ＲＣ","","住宅","","",,"第１種中高層住居専用地域",60,200,"2020年第３四半期","未改装",""
147,"中古マンション等","","13112","東京都","世田谷区","北烏山","千歳烏山","20",44000000,"","４ＬＤＫ","110",,"","","","平成20年","ＲＣ","住宅","住宅","","",,"第１種中高層住居専用地域",60,200,"2020年第３四半期","未改装",""
148,"宅地(土地)","住宅地","13112","東京都","世田谷区","北烏山","三鷹台","20",46000000,"1400000","","105",440000,"ほぼ長方形","6.9","","","","","住宅","東","区道",7.2,"第１種低層住居専用地域",50,100,"2020年第３四半期","",""
149,"中古マンション等","","13112","東京都","世田谷区","北沢","笹塚","6",31000000,"","１Ｋ","25",,"","","","平成27年","ＲＣ","","住宅","","",,"第１種中高層住居専用地域",60,200,"2020年第３四半期","未改装",""
150,"中古マンション等","","13112","東京都","世田谷区","北沢","下北沢","6",55000000,"","３ＬＤＫ","55",,"","","","平成7年","ＲＣ","住宅","住宅","","",,"第１種住居地域",60,200,"2020年第３四半期","改装済",""
151,"宅地(土地と建物)","住宅地","13112","東京都","世田谷区","北沢","東北沢","7",70000000,"","","90",,"不整形","7.7","80","令和2年","木造","住宅","住宅","北西","私道",4.0,"第１種低層住居専用地域",50,150,"2020年第３四半期","","私道を含む取引"
152,"宅地(土地)","住宅地","13112","東京都","世田谷区","北沢","東北沢","6",30000000,"1900000","","55",560000,"長方形","5.0","","","","","住宅","北東","私道",4.0,"第１種低層住居専用地域",50,150,"2020年第３四半期","",""
153,"中古マンション等","","13112","東京都","世田谷区","北沢","東北沢","6",36000000,"","１Ｋ","25",,"","","","平成30年","ＲＣ","住宅","住宅","","",,"第１種低層住居専用地域",50,150,"2020年第３四半期","未改装",""
154,"宅地(土地)","住宅地","13112","東京都","世田谷区","喜多見","喜多見","11",10000000,"210000","","155",64000,"台形","10.4","","","","","住宅","西","道路",2.8,"第１種低層住居専用地域",50,100,"2020年第３四半期","",""
155,"宅地(土地と建物)","住宅地","13112","東京都","世田谷区","喜多見","喜多見","20",53000000,"","","100",,"ほぼ長方形","14.5","85","平成31年","木造","住宅","住宅","東","道路",6.3,"第１種低層住居専用地域",50,100,"2020年第３四半期","",""
156,"宅地(土地)","住宅地","13112","東京都","世田谷区","喜多見","喜多見","24",62000000,"1000000","","200",310000,"ほぼ長方形","13.5","","","","","","北東","都道",8.0,"第１種低層住居専用地域",60,200,"2020年第３四半期","",""
157,"宅地(土地と建物)","住宅地","13112","東京都","世田谷区","喜多見","喜多見","20",64000000,"","","110",,"ほぼ長方形","7.6","90","平成2年","木造","住宅","住宅","南","私道",5.0,"第１種低層住居専用地域",50,100,"2020年第３四半期","",""
158,"宅地(土地と建物)","住宅地","13112","東京都","世田谷区","喜多見","喜多見","11",56000000,"","","140",,"不整形","2.7","85","令和2年","木造","住宅","住宅","東","区道",3.7,"第１種低層住居専用地域",50,100,"2020年第３四半期","",""
159,"宅地(土地と建物)","住宅地","13112","東京都","世田谷区","喜多見","喜多見","20",56000000,"","","110",,"ほぼ長方形","5.8","95","平成31年","木造","住宅","住宅","北","私道",5.0,"第１種低層住居専用地域",50,100,"2020年第３四半期","",""
160,"宅地(土地と建物)","住宅地","13112","東京都","世田谷区","喜多見","喜多見","10",58000000,"","","200",,"不整形","3.4","100","平成2年","木造","住宅","住宅","東","区道",3.8,"第１種低層住居専用地域",50,100,"2020年第３四半期","",""
161,"宅地(土地と建物)","住宅地","13112","東京都","世田谷区","喜多見","喜多見","24",49000000,"","","125",,"不整形","2.5","85","令和2年","木造","住宅","住宅","東","区道",3.8,"第１種低層住居専用地域",50,100,"2020年第３四半期","",""
162,"宅地(土地と建物)","住宅地","13112","東京都","世田谷区","喜多見","喜多見","24",52000000,"","","145",,"袋地等","2.5","95","令和2年","木造","住宅","住宅","東","区道",4.0,"第１種低層住居専用地域",50,100,"2020年第３四半期","",""
163,"宅地(土地)","住宅地","13112","東京都","世田谷区","喜多見","喜多見","30分?60分",76000000,"690000","","360",210000,"ほぼ整形","21.5","","","","","","北","区道",6.0,"第２種中高層住居専用地域",60,200,"2020年第３四半期","",""
164,"宅地(土地と建物)","住宅地","13112","東京都","世田谷区","喜多見","喜多見","24",55000000,"","","110",,"ほぼ整形","7.3","85","令和2年","木造","住宅","住宅","東","区道",4.0,"第１種低層住居専用地域",50,100,"2020年第３四半期","",""
165,"中古マンション等","","13112","東京都","世田谷区","砧","成城学園前","6",99000000,"","２ＤＫ","85",,"","","","平成20年","ＲＣ","住宅","住宅","","",,"第１種低層住居専用地域",50,100,"2020年第３四半期","未改装",""
166,"中古マンション等","","13112","東京都","世田谷区","砧","成城学園前","6",92000000,"","２ＬＤＫ","90",,"","","","平成20年","ＲＣ","住宅","住宅","","",,"第１種低層住居専用地域",50,100,"2020年第３四半期","未改装",""
167,"宅地(土地と建物)","住宅地","13112","東京都","世田谷区","砧","祖師ケ谷大蔵","10",70000000,"","","100",,"ほぼ長方形","7.5","100","平成15年","木造","住宅","住宅","東","区道",5.3,"第１種低層住居専用地域",50,100,"2020年第３四半期","",""
168,"宅地(土地と建物)","住宅地","13112","東京都","世田谷区","砧","祖師ケ谷大蔵","10",270000000,"","","420",,"ほぼ長方形","17.0","920","平成3年","ＲＣ","共同住宅","住宅","南","区道",5.9,"第１種中高層住居専用地域",60,200,"2020年第３四半期","",""
169,"宅地(土地と建物)","住宅地","13112","東京都","世田谷区","砧","祖師ケ谷大蔵","12",220000000,"","","410",,"ほぼ長方形","30.0","490","昭和53年","ＲＣ","共同住宅","住宅","南","区道",7.9,"第１種中高層住居専用地域",60,200,"2020年第３四半期","",""
170,"宅地(土地と建物)","住宅地","13112","東京都","世田谷区","砧","祖師ケ谷大蔵","8",70000000,"","","115",,"袋地等","3.5","85","令和2年","木造","住宅","住宅","東","道路",4.0,"第１種低層住居専用地域",50,100,"2020年第３四半期","",""
171,"宅地(土地)","住宅地","13112","東京都","世田谷区","砧","祖師ケ谷大蔵","11",63000000,"1600000","","125",500000,"長方形","7.5","","","","","住宅","北東","区道",6.0,"第１種低層住居専用地域",50,100,"2020年第３四半期","",""
172,"宅地(土地と建物)","住宅地","13112","東京都","世田谷区","砧","祖師ケ谷大蔵","6",100000000,"","","115",,"ほぼ長方形","7.0","100","令和2年","木造","住宅","住宅","東","区道",4.0,"第１種低層住居専用地域",50,100,"2020年第３四半期","",""
173,"宅地(土地)","住宅地","13112","東京都","世田谷区","砧","祖師ケ谷大蔵","8",94000000,"1700000","","180",530000,"長方形","9.9","","","","","住宅","南東","区道",2.5,"第１種低層住居専用地域",50,100,"2020年第３四半期","",""
174,"中古マンション等","","13112","東京都","世田谷区","砧","祖師ケ谷大蔵","7",32000000,"","１ＬＤＫ","45",,"","","","平成4年","ＲＣ","住宅","住宅","","",,"第１種住居地域",60,200,"2020年第３四半期","改装済",""
175,"中古マンション等","","13112","東京都","世田谷区","砧","祖師ケ谷大蔵","11",62000000,"","２ＬＤＫ","75",,"","","","平成22年","ＲＣ","","住宅","","",,"第１種低層住居専用地域",50,100,"2020年第３四半期","未改装",""
176,"中古マンション等","","13112","東京都","世田谷区","砧","祖師ケ谷大蔵","14",36000000,"","","35",,"","","","平成28年","ＲＣ","","住宅","","",,"近隣商業地域",80,300,"2020年第３四半期","未改装",""
177,"中古マンション等","","13112","東京都","世田谷区","砧","祖師ケ谷大蔵","11",53000000,"","２ＬＤＫ","60",,"","","","平成22年","ＲＣ","住宅","住宅","","",,"第１種低層住居専用地域",50,100,"2020年第３四半期","未改装",""
178,"中古マンション等","","13112","東京都","世田谷区","砧","祖師ケ谷大蔵","5",45000000,"","２ＬＤＫ","60",,"","","","平成7年","ＲＣ","","住宅","","",,"第１種中高層住居専用地域",60,200,"2020年第３四半期","",""
179,"中古マンション等","","13112","東京都","世田谷区","砧","祖師ケ谷大蔵","11",55000000,"","３ＬＤＫ","70",,"","","","平成22年","ＲＣ","住宅","","","",,"第１種低層住居専用地域",50,100,"2020年第３四半期","未改装",""
180,"中古マンション等","","13112","東京都","世田谷区","砧","祖師ケ谷大蔵","10",29000000,"","１Ｋ","30",,"","","","平成19年","ＲＣ","住宅","住宅","","",,"第２種中高層住居専用地域",60,200,"2020年第３四半期","改装済",""
181,"中古マンション等","","13112","東京都","世田谷区","砧","祖師ケ谷大蔵","14",75000000,"","２ＬＤＫ","90",,"","","","平成3年","ＲＣ","住宅","住宅","","",,"第１種低層住居専用地域",60,100,"2020年第３四半期","改装済",""
182,"中古マンション等","","13112","東京都","世田谷区","砧","祖師ケ谷大蔵","9",18000000,"","２ＤＫ","40",,"","","","昭和59年","ＲＣ","住宅","住宅","","",,"第２種中高層住居専用地域",60,200,"2020年第３四半期","未改装",""
183,"中古マンション等","","13112","東京都","世田谷区","砧","祖師ケ谷大蔵","19",42000000,"","１ＬＤＫ＋Ｓ","70",,"","","","平成12年","ＲＣ","住宅","住宅","","",,"第２種住居地域",60,200,"2020年第３四半期","",""
184,"中古マンション等","","13112","東京都","世田谷区","砧","千歳船橋","8",26000000,"","１Ｋ","25",,"","","","平成24年","ＲＣ","住宅","住宅","","",,"第２種中高層住居専用地域",60,200,"2020年第３四半期","未改装",""
185,"宅地(土地と建物)","住宅地","13112","東京都","世田谷区","給田","仙川","7",33000000,"","","160",,"ほぼ長方形","9.3","","","","","住宅","南","私道",4.0,"第１種低層住居専用地域",50,100,"2020年第３四半期","",""
186,"宅地(土地)","住宅地","13112","東京都","世田谷区","給田","仙川","6",45000000,"1500000","","100",440000,"ほぼ長方形","9.8","","","","","住宅","北","区道",6.4,"第１種低層住居専用地域",50,100,"2020年第３四半期","",""
187,"中古マンション等","","13112","東京都","世田谷区","給田","仙川","10",36000000,"","３ＬＤＫ","60",,"","","","平成13年","ＲＣ","住宅","住宅","","",,"準住居地域",60,300,"2020年第３四半期","未改装",""
188,"中古マンション等","","13112","東京都","世田谷区","給田","千歳烏山","7",40000000,"","３ＬＤＫ","55",,"","","","昭和59年","ＲＣ","住宅","住宅","","",,"第１種住居地域",60,200,"2020年第３四半期","改装済",""
189,"中古マンション等","","13112","東京都","世田谷区","給田","千歳烏山","10",33000000,"","１Ｋ","25",,"","","","令和2年","ＲＣ","住宅","住宅","","",,"準住居地域",60,300,"2020年第３四半期","",""
190,"中古マンション等","","13112","東京都","世田谷区","給田","千歳烏山","10",32000000,"","１Ｋ","25",,"","","","令和2年","ＲＣ","住宅","住宅","","",,"準住居地域",60,300,"2020年第３四半期","未改装",""
191,"中古マンション等","","13112","東京都","世田谷区","給田","千歳烏山","10",32000000,"","","25",,"","","","令和2年","ＲＣ","住宅","","","",,"準住居地域",60,300,"2020年第３四半期","",""
192,"中古マンション等","","13112","東京都","世田谷区","給田","千歳烏山","20",43000000,"","３ＬＤＫ","65",,"","","","平成26年","ＲＣ","住宅","住宅","","",,"第１種住居地域",60,200,"2020年第３四半期","未改装",""
193,"宅地(土地と建物)","商業地","13112","東京都","世田谷区","経堂","経堂","2",250000000,"","","185",,"ほぼ長方形","9.4","120","平成10年","鉄骨造","店舗","店舗","南東","区道",8.0,"近隣商業地域",80,300,"2020年第３四半期","","私道を含む取引"
194,"宅地(土地と建物)","住宅地","13112","東京都","世田谷区","経堂","経堂","10",78000000,"","","75",,"ほぼ正方形","8.2","105","令和2年","木造","住宅","住宅","西","道路",3.4,"第１種低層住居専用地域",60,150,"2020年第３四半期","","私道を含む取引"
195,"宅地(土地と建物)","住宅地","13112","東京都","世田谷区","経堂","経堂","12",180000000,"","","250",,"ほぼ長方形","17.0","290","令和2年","ＲＣ","住宅","住宅","南西","区道",5.7,"第１種低層住居専用地域",60,150,"2020年第３四半期","",""
196,"宅地(土地)","住宅地","13112","東京都","世田谷区","経堂","経堂","11",48000000,"2900000","","55",880000,"ほぼ正方形","6.8","","","","","住宅","南東","私道",4.0,"第１種低層住居専用地域",60,150,"2020年第３四半期","",""
197,"宅地(土地と建物)","商業地","13112","東京都","世田谷区","経堂","経堂","3",85000000,"","","110",,"ほぼ台形","7.7","100","昭和57年","鉄骨造","住宅、店舗","","北東","都道",5.4,"商業地域",80,500,"2020年第３四半期","",""
198,"中古マンション等","","13112","東京都","世田谷区","経堂","経堂","7",50000000,"","３ＬＤＫ","105",,"","","","昭和44年","ＲＣ","住宅","住宅","","",,"第１種住居地域",60,200,"2020年第３四半期","改装済",""
199,"中古マンション等","","13112","東京都","世田谷区","経堂","経堂","6",8900000,"","１Ｋ","15",,"","","","昭和59年","ＲＣ","住宅","その他","","",,"第１種住居地域",60,200,"2020年第３四半期","未改装",""
200,"中古マンション等","","13112","東京都","世田谷区","経堂","経堂","3",51000000,"","２ＬＤＫ","50",,"","","","平成11年","ＲＣ","住宅","住宅","","",,"第１種住居地域",60,200,"2020年第３四半期","改装済",""
201,"宅地(土地と建物)","住宅地","13112","東京都","世田谷区","豪徳寺","豪徳寺","3",150000000,"","","250",,"長方形","11.8","280","平成9年","木造","共同住宅","住宅","北","区道",3.3,"第１種低層住居専用地域",60,150,"2020年第３四半期","",""
202,"宅地(土地と建物)","商業地","13112","東京都","世田谷区","豪徳寺","豪徳寺","3",280000000,"","","105",,"ほぼ整形","8.9","300","令和2年","ＲＣ","共同住宅、事務所","住宅","東","区道",5.4,"近隣商業地域",80,300,"2020年第３四半期","",""
203,"宅地(土地と建物)","住宅地","13112","東京都","世田谷区","豪徳寺","豪徳寺","6",110000000,"","","105",,"不整形","","115","平成31年","木造","住宅","住宅","北東","私道",4.5,"第１種中高層住居専用地域",60,200,"2020年第３四半期","",""
204,"宅地(土地と建物)","住宅地","13112","東京都","世田谷区","豪徳寺","豪徳寺","6",110000000,"","","105",,"ほぼ整形","4.8","110","平成31年","木造","住宅","住宅","南東","区道",6.0,"第１種中高層住居専用地域",60,200,"2020年第３四半期","",""
205,"宅地(土地と建物)","住宅地","13112","東京都","世田谷区","豪徳寺","豪徳寺","5",50000000,"","","45",,"袋地等","2.0","75","令和2年","木造","住宅","住宅","南","私道",4.0,"近隣商業地域",80,300,"2020年第３四半期","",""
206,"中古マンション等","","13112","東京都","世田谷区","豪徳寺","豪徳寺","2",9500000,"","１Ｋ","15",,"","","","昭和62年","ＲＣ","","住宅","","",,"近隣商業地域",80,300,"2020年第３四半期","未改装",""
207,"宅地(土地と建物)","住宅地","13112","東京都","世田谷区","駒沢","駒沢大学","9",90000000,"","","130",,"ほぼ台形","13.0","140","平成14年","軽量鉄骨造","住宅、駐車場","住宅","南西","区道",4.0,"第１種低層住居専用地域",50,100,"2020年第３四半期","",""
208,"宅地(土地と建物)","住宅地","13112","東京都","世田谷区","駒沢","駒沢大学","16",120000000,"","","100",,"台形","5.7","155","令和2年","木造","住宅","住宅","西","区道",5.9,"第１種中高層住居専用地域",60,200,"2020年第３四半期","",""
209,"宅地(土地と建物)","商業地","13112","東京都","世田谷区","駒沢","駒沢大学","6",110000000,"","","50",,"ほぼ長方形","5.0","170","昭和39年","ＲＣ","住宅、店舗","店舗","西","区道",15.0,"商業地域",80,500,"2020年第３四半期","",""
210,"宅地(土地)","住宅地","13112","東京都","世田谷区","駒沢","駒沢大学","7",120000000,"2800000","","140",840000,"ほぼ整形","13.0","","","","","住宅","西","区道",8.3,"第１種低層住居専用地域",60,150,"2020年第３四半期","",""
211,"宅地(土地)","住宅地","13112","東京都","世田谷区","駒沢","駒沢大学","5",210000000,"2100000","","330",640000,"不整形","4.0","","","","","住宅","南","区道",3.2,"第１種低層住居専用地域",60,150,"2020年第３四半期","",""
212,"中古マンション等","","13112","東京都","世田谷区","駒沢","駒沢大学","10",48000000,"","２ＬＤＫ","80",,"","","","平成15年","ＲＣ","住宅","住宅","","",,"第１種中高層住居専用地域",60,150,"2020年第３四半期","未改装",""
213,"中古マンション等","","13112","東京都","世田谷区","駒沢","駒沢大学","4",16000000,"","１Ｋ","15",,"","","","昭和61年","ＲＣ","","住宅","","",,"第１種中高層住居専用地域",60,200,"2020年第３四半期","改装済",""
214,"中古マンション等","","13112","東京都","世田谷区","駒沢","駒沢大学","19",77000000,"","３ＬＤＫ","90",,"","","","昭和63年","ＲＣ","","住宅","","",,"第１種中高層住居専用地域",60,200,"2020年第３四半期","改装済",""
215,"中古マンション等","","13112","東京都","世田谷区","駒沢","駒沢大学","4",9000000,"","１Ｋ","15",,"","","","平成3年","ＲＣ","","住宅","","",,"第１種中高層住居専用地域",60,200,"2020年第３四半期","未改装",""
216,"中古マンション等","","13112","東京都","世田谷区","駒沢","駒沢大学","10",44000000,"","１ＬＤＫ","35",,"","","","平成11年","ＲＣ","住宅","住宅","","",,"第１種中高層住居専用地域",60,150,"2020年第３四半期","改装済",""
217,"中古マンション等","","13112","東京都","世田谷区","駒沢","駒沢大学","19",62000000,"","２ＬＤＫ","70",,"","","","平成9年","ＲＣ","住宅","住宅","","",,"第１種低層住居専用地域",60,150,"2020年第３四半期","",""
218,"中古マンション等","","13112","東京都","世田谷区","駒沢","駒沢大学","4",8700000,"","１Ｋ","15",,"","","","昭和61年","ＲＣ","住宅","その他","","",,"第１種中高層住居専用地域",60,200,"2020年第３四半期","未改装",""
219,"中古マンション等","","13112","東京都","世田谷区","駒沢","駒沢大学","8",20000000,"","１ＬＤＫ","40",,"","","","昭和64年","ＲＣ","住宅","その他","","",,"第２種中高層住居専用地域",60,200,"2020年第３四半期","未改装",""
220,"中古マンション等","","13112","東京都","世田谷区","駒沢","桜新町","11",24000000,"","１Ｋ","20",,"","","","平成13年","ＲＣ","","住宅","","",,"近隣商業地域",80,300,"2020年第３四半期","未改装",""
221,"宅地(土地と建物)","住宅地","13112","東京都","世田谷区","桜","上町","11",74000000,"","","85",,"ほぼ長方形","7.4","90","令和2年","木造","住宅","住宅","北東","区道",3.8,"第１種低層住居専用地域",60,150,"2020年第３四半期","",""
222,"中古マンション等","","13112","東京都","世田谷区","桜","上町","14",17000000,"","","60",,"","","","平成6年","ＲＣ","","その他","","",,"近隣商業地域",80,300,"2020年第３四半期","未改装",""
223,"中古マンション等","","13112","東京都","世田谷区","桜","上町","9",11000000,"","１Ｋ","15",,"","","","平成3年","ＲＣ","","住宅","","",,"第１種低層住居専用地域",60,150,"2020年第３四半期","未改装",""
224,"宅地(土地と建物)","住宅地","13112","東京都","世田谷区","桜丘","経堂","11",50000000,"","","50",,"長方形","4.6","60","令和3年","","","住宅","北","私道",4.0,"第１種低層住居専用地域",60,150,"2020年第３四半期","","私道を含む取引"
225,"宅地(土地)","住宅地","13112","東京都","世田谷区","桜丘","千歳船橋","10",50000000,"1800000","","90",550000,"ほぼ長方形","7.0","","","","","住宅","北","区道",3.9,"準住居地域",60,300,"2020年第３四半期","","私道を含む取引"
226,"宅地(土地)","住宅地","13112","東京都","世田谷区","桜丘","千歳船橋","15",49000000,"2300000","","70",700000,"ほぼ正方形","8.5","","","","","住宅","南西","私道",4.5,"第１種低層住居専用地域",60,150,"2020年第３四半期","",""
227,"宅地(土地)","住宅地","13112","東京都","世田谷区","桜丘","千歳船橋","8",140000000,"1200000","","390",350000,"袋地等","","","","","","事務所","東","区道",6.0,"第１種低層住居専用地域",60,150,"2020年第３四半期","",""
228,"宅地(土地)","住宅地","13112","東京都","世田谷区","桜丘","千歳船橋","7",56000000,"2200000","","85",670000,"長方形","4.8","","","","","住宅","南","区道",4.1,"第１種低層住居専用地域",60,150,"2020年第３四半期","",""
229,"宅地(土地)","住宅地","13112","東京都","世田谷区","桜丘","千歳船橋","12",99000000,"1500000","","220",440000,"長方形","12.0","","","","","住宅","南東","区道",4.0,"第１種低層住居専用地域",60,150,"2020年第３四半期","",""
230,"宅地(土地)","住宅地","13112","東京都","世田谷区","桜丘","千歳船橋","14",57000000,"2300000","","80",700000,"長方形","7.4","","","","","住宅","南","区道",4.0,"第１種低層住居専用地域",60,150,"2020年第３四半期","",""
231,"中古マンション等","","13112","東京都","世田谷区","桜丘","千歳船橋","5",28000000,"","１Ｋ","25",,"","","","平成24年","ＲＣ","住宅","住宅","","",,"第１種中高層住居専用地域",60,200,"2020年第３四半期","",""
232,"中古マンション等","","13112","東京都","世田谷区","桜丘","千歳船橋","10",68000000,"","３ＬＤＫ","95",,"","","","平成15年","ＲＣ","住宅","住宅","","",,"第１種低層住居専用地域",60,150,"2020年第３四半期","未改装",""
233,"中古マンション等","","13112","東京都","世田谷区","桜丘","千歳船橋","4",79000000,"","３ＬＤＫ","85",,"","","","平成28年","ＲＣ","住宅","住宅","","",,"近隣商業地域",80,200,"2020年第３四半期","未改装",""
234,"宅地(土地と建物)","住宅地","13112","東京都","世田谷区","桜上水","経堂","15",15000000,"","","115",,"袋地等","1.8","105","昭和39年","木造","住宅","住宅","北東","道路",2.7,"第１種低層住居専用地域",50,100,"2020年第３四半期","",""
235,"宅地(土地と建物)","住宅地","13112","東京都","世田谷区","桜上水","桜上水","5",130000000,"","","280",,"長方形","20.0","330","昭和64年","ＲＣ","共同住宅","住宅","南","区道",4.0,"第１種低層住居専用地域",50,100,"2020年第３四半期","",""
236,"宅地(土地)","住宅地","13112","東京都","世田谷区","桜上水","桜上水","15",70000000,"1400000","","170",420000,"ほぼ長方形","15.0","","","","","住宅","北東","道路",4.1,"第１種低層住居専用地域",50,100,"2020年第３四半期","",""
237,"宅地(土地)","商業地","13112","東京都","世田谷区","桜上水","桜上水","2",140000000,"3000000","","155",920000,"ほぼ整形","9.0","","","","","その他","北西","都道",7.0,"近隣商業地域",80,300,"2020年第３四半期","",""
238,"宅地(土地と建物)","住宅地","13112","東京都","世田谷区","桜上水","桜上水","4",260000000,"","","270",,"ほぼ長方形","12.3","370","令和2年","木造","共同住宅","その他","北","区道",3.8,"第１種中高層住居専用地域",60,200,"2020年第３四半期","","私道を含む取引"
239,"宅地(土地と建物)","住宅地","13112","東京都","世田谷区","桜上水","桜上水","5",67000000,"","","130",,"長方形","8.1","90","昭和48年","木造","住宅","住宅","北","区道",4.0,"第１種低層住居専用地域",50,100,"2020年第３四半期","",""
240,"中古マンション等","","13112","東京都","世田谷区","桜上水","桜上水","4",37000000,"","１ＬＤＫ","30",,"","","","平成29年","ＲＣ","","住宅","","",,"第１種中高層住居専用地域",60,200,"2020年第３四半期","",""
241,"中古マンション等","","13112","東京都","世田谷区","桜上水","桜上水","3",78000000,"","３ＬＤＫ","65",,"","","","平成27年","ＲＣ","","住宅","","",,"第１種中高層住居専用地域",60,200,"2020年第３四半期","未改装",""
242,"中古マンション等","","13112","東京都","世田谷区","桜上水","桜上水","2",30000000,"","２ＬＤＫ","45",,"","","","昭和60年","ＲＣ","住宅","住宅","","",,"近隣商業地域",80,300,"2020年第３四半期","未改装",""
243,"中古マンション等","","13112","東京都","世田谷区","桜上水","桜上水","4",85000000,"","３ＬＤＫ","75",,"","","","平成27年","ＲＣ","","住宅","","",,"第１種中高層住居専用地域",60,200,"2020年第３四半期","未改装",""
244,"宅地(土地と建物)","住宅地","13112","東京都","世田谷区","桜上水","松原(東京)","14",25000000,"","","55",,"長方形","5.2","70","昭和60年","木造","住宅","住宅","北東","区道",4.5,"第１種低層住居専用地域",50,100,"2020年第３四半期","",""
245,"宅地(土地と建物)","住宅地","13112","東京都","世田谷区","桜新町","桜新町","6",45000000,"","","165",,"ほぼ長方形","11.0","135","昭和36年","木造","住宅","住宅","南東","私道",3.0,"第１種低層住居専用地域",50,100,"2020年第３四半期","","私道を含む取引"
246,"中古マンション等","","13112","東京都","世田谷区","桜新町","桜新町","6",62000000,"","２ＬＤＫ","55",,"","","","平成28年","ＲＣ","住宅","住宅","","",,"準工業地域",60,200,"2020年第３四半期","",""
247,"中古マンション等","","13112","東京都","世田谷区","桜新町","桜新町","6",86000000,"","３ＬＤＫ","65",,"","","","平成28年","ＲＣ","住宅","住宅","","",,"準工業地域",60,200,"2020年第３四半期","未改装",""
248,"中古マンション等","","13112","東京都","世田谷区","桜新町","桜新町","6",66000000,"","２ＬＤＫ","80",,"","","","平成14年","ＲＣ","住宅","住宅","","",,"第１種低層住居専用地域",50,100,"2020年第３四半期","未改装",""
249,"宅地(土地と建物)","住宅地","13112","東京都","世田谷区","三軒茶屋","三軒茶屋","7",63000000,"","","70",,"ほぼ長方形","5.5","105","平成13年","木造","住宅","住宅","北","私道",2.6,"第１種住居地域",60,300,"2020年第３四半期","",""
250,"宅地(土地と建物)","商業地","13112","東京都","世田谷区","三軒茶屋","三軒茶屋","5",140000000,"","","85",,"長方形","5.8","100","平成29年","木造","店舗","店舗","西","私道",3.2,"商業地域",80,500,"2020年第３四半期","","私道を含む取引"
251,"中古マンション等","","13112","東京都","世田谷区","三軒茶屋","三軒茶屋","2",26000000,"","１Ｋ","25",,"","","","平成15年","ＳＲＣ","","住宅","","",,"商業地域",80,600,"2020年第３四半期","未改装",""
252,"中古マンション等","","13112","東京都","世田谷区","三軒茶屋","三軒茶屋","7",83000000,"","３ＬＤＫ","65",,"","","","平成26年","ＲＣ","","住宅","","",,"第１種中高層住居専用地域",60,200,"2020年第３四半期","未改装",""
253,"中古マンション等","","13112","東京都","世田谷区","三軒茶屋","三軒茶屋","9",59000000,"","２ＬＤＫ","50",,"","","","平成10年","ＲＣ","","住宅","","",,"商業地域",80,500,"2020年第３四半期","未改装",""
254,"中古マンション等","","13112","東京都","世田谷区","三軒茶屋","三軒茶屋","3",45000000,"","２ＬＤＫ","50",,"","","","昭和53年","ＳＲＣ","","住宅","","",,"商業地域",80,600,"2020年第３四半期","改装済",""
255,"中古マンション等","","13112","東京都","世田谷区","三軒茶屋","三軒茶屋","7",49000000,"","オープンフロア","50",,"","","","平成7年","ＳＲＣ","","住宅","","",,"商業地域",80,500,"2020年第３四半期","未改装",""
256,"中古マンション等","","13112","東京都","世田谷区","三軒茶屋","三軒茶屋","9",66000000,"","２ＬＤＫ","60",,"","","","平成17年","ＲＣ","","住宅","","",,"商業地域",80,500,"2020年第３四半期","未改装",""
257,"中古マンション等","","13112","東京都","世田谷区","三軒茶屋","三軒茶屋","3",31000000,"","１Ｋ","25",,"","","","平成22年","ＲＣ","","その他","","",,"商業地域",80,600,"2020年第３四半期","未改装",""
258,"中古マンション等","","13112","東京都","世田谷区","三軒茶屋","三軒茶屋","1",72000000,"","３ＬＤＫ","70",,"","","","平成10年","ＳＲＣ","","住宅","","",,"商業地域",80,600,"2020年第３四半期","未改装",""
259,"中古マンション等","","13112","東京都","世田谷区","三軒茶屋","三軒茶屋","4",63000000,"","２ＤＫ","65",,"","","","平成16年","ＲＣ","","住宅","","",,"近隣商業地域",80,300,"2020年第３四半期","未改装",""
260,"中古マンション等","","13112","東京都","世田谷区","三軒茶屋","三軒茶屋","3",27000000,"","１Ｋ","25",,"","","","平成22年","ＲＣ","住宅","住宅","","",,"商業地域",80,600,"2020年第３四半期","未改装",""
261,"中古マンション等","","13112","東京都","世田谷区","三軒茶屋","三軒茶屋","9",70000000,"","","85",,"","","","昭和64年","ＳＲＣ","","住宅","","",,"第１種住居地域",60,300,"2020年第３四半期","未改装",""
262,"宅地(土地と建物)","住宅地","13112","東京都","世田谷区","三軒茶屋","西太子堂","8",360000000,"","","155",,"ほぼ長方形","15.9","500","平成22年","ＲＣ","共同住宅","住宅","西","区道",8.0,"第１種住居地域",60,300,"2020年第３四半期","",""
263,"中古マンション等","","13112","東京都","世田谷区","下馬","学芸大学","10",23000000,"","１Ｋ","20",,"","","","平成16年","ＲＣ","住宅","住宅","","",,"近隣商業地域",80,300,"2020年第３四半期","",""
264,"中古マンション等","","13112","東京都","世田谷区","下馬","学芸大学","10",24000000,"","１Ｋ","20",,"","","","平成16年","ＲＣ","住宅","住宅","","",,"近隣商業地域",80,300,"2020年第３四半期","未改装",""
265,"宅地(土地と建物)","住宅地","13112","東京都","世田谷区","下馬","三軒茶屋","14",68000000,"","","65",,"長方形","5.0","100","平成14年","木造","住宅","住宅","北","区道",10.8,"第１種中高層住居専用地域",60,200,"2020年第３四半期","",""
266,"中古マンション等","","13112","東京都","世田谷区","下馬","三軒茶屋","13",44000000,"","２ＬＤＫ","70",,"","","","平成2年","ＲＣ","住宅","住宅","","",,"第１種中高層住居専用地域",60,200,"2020年第３四半期","未改装",""
267,"中古マンション等","","13112","東京都","世田谷区","下馬","三軒茶屋","14",38000000,"","２ＬＤＫ","50",,"","","","平成7年","ＲＣ","住宅","住宅","","",,"第１種中高層住居専用地域",60,200,"2020年第３四半期","未改装",""
268,"中古マンション等","","13112","東京都","世田谷区","下馬","祐天寺","14",65000000,"","３ＬＤＫ","70",,"","","","平成14年","ＲＣ","住宅","住宅","","",,"近隣商業地域",80,300,"2020年第３四半期","未改装",""
269,"中古マンション等","","13112","東京都","世田谷区","下馬","祐天寺","8",73000000,"","２ＬＤＫ","75",,"","","","平成10年","ＲＣ","住宅","住宅","","",,"第２種低層住居専用地域",60,150,"2020年第３四半期","改装済",""
270,"中古マンション等","","13112","東京都","世田谷区","下馬","祐天寺","15",75000000,"","２ＬＤＫ","60",,"","","","令和2年","ＲＣ","住宅","住宅","","",,"第１種中高層住居専用地域",60,200,"2020年第３四半期","未改装",""
271,"宅地(土地)","住宅地","13112","東京都","世田谷区","新町","桜新町","12",81000000,"1100000","","240",330000,"ほぼ長方形","","","","","","住宅","西","区道",4.0,"第１種低層住居専用地域",50,100,"2020年第３四半期","",""
272,"中古マンション等","","13112","東京都","世田谷区","新町","桜新町","10",64000000,"","３ＬＤＫ","65",,"","","","平成18年","ＲＣ","住宅","住宅","","",,"準住居地域",60,300,"2020年第３四半期","未改装",""
273,"宅地(土地と建物)","住宅地","13112","東京都","世田谷区","成城","成城学園前","3",580000000,"","","620",,"ほぼ長方形","22.0","550","平成9年","ＲＣ","共同住宅","住宅","南西","区道",11.7,"第１種中高層住居専用地域",50,150,"2020年第３四半期","","私道を含む取引"
274,"宅地(土地と建物)","住宅地","13112","東京都","世田谷区","成城","成城学園前","6",87000000,"","","140",,"長方形","8.3","100","昭和50年","木造","住宅","住宅","南東","区道",6.2,"第１種低層住居専用地域",40,80,"2020年第３四半期","",""
275,"宅地(土地)","住宅地","13112","東京都","世田谷区","成城","成城学園前","2",1000000000,"2800000","","1200",850000,"ほぼ長方形","33.1","","","","","その他","北西","区道",6.3,"第１種低層住居専用地域",40,80,"2020年第３四半期","",""
276,"宅地(土地)","住宅地","13112","東京都","世田谷区","成城","成城学園前","10",77000000,"2000000","","125",620000,"ほぼ長方形","7.8","","","","","住宅","西","区道",6.2,"第１種低層住居専用地域",40,80,"2020年第３四半期","",""
277,"宅地(土地)","住宅地","13112","東京都","世田谷区","成城","成城学園前","10",66000000,"1300000","","165",390000,"不整形","21.9","","","","","住宅","北東","区道",3.4,"第１種低層住居専用地域",50,100,"2020年第３四半期","","私道を含む取引"
278,"宅地(土地と建物)","住宅地","13112","東京都","世田谷区","成城","成城学園前","6",460000000,"","","790",,"不整形","","195","平成3年","木造","住宅","住宅","北東","区道",8.0,"第１種低層住居専用地域",40,80,"2020年第３四半期","",""
279,"宅地(土地)","住宅地","13112","東京都","世田谷区","成城","成城学園前","9",77000000,"2000000","","125",620000,"不整形","7.8","","","","","住宅","西","区道",6.2,"第１種低層住居専用地域",40,80,"2020年第３四半期","",""
280,"宅地(土地と建物)","住宅地","13112","東京都","世田谷区","成城","成城学園前","14",320000000,"","","440",,"不整形","8.6","210","昭和62年","鉄骨造、木造","住宅","住宅","北","私道",5.0,"第１種低層住居専用地域",50,100,"2020年第３四半期","","私道を含む取引"
281,"中古マンション等","","13112","東京都","世田谷区","成城","成城学園前","9",110000000,"","４ＬＤＫ","105",,"","","","平成26年","ＲＣ","住宅","住宅","","",,"第１種低層住居専用地域",40,80,"2020年第３四半期","改装済",""
282,"中古マンション等","","13112","東京都","世田谷区","成城","成城学園前","18",55000000,"","３ＬＤＫ","80",,"","","","平成15年","ＲＣ","","住宅","","",,"第１種中高層住居専用地域",50,150,"2020年第３四半期","改装済",""
283,"中古マンション等","","13112","東京都","世田谷区","成城","成城学園前","15",60000000,"","３ＬＤＫ","70",,"","","","平成21年","ＲＣ","住宅","住宅","","",,"第１種中高層住居専用地域",60,200,"2020年第３四半期","未改装",""
284,"中古マンション等","","13112","東京都","世田谷区","成城","成城学園前","2",40000000,"","１ＬＤＫ","50",,"","","","昭和48年","ＳＲＣ","住宅","住宅","","",,"近隣商業地域",80,300,"2020年第３四半期","改装済",""
285,"宅地(土地と建物)","住宅地","13112","東京都","世田谷区","瀬田","上野毛","8",120000000,"","","105",,"ほぼ長方形","7.5","95","令和2年","軽量鉄骨造","住宅","住宅","南西","区道",6.0,"第１種低層住居専用地域",50,100,"2020年第３四半期","",""
286,"宅地(土地)","住宅地","13112","東京都","世田谷区","瀬田","二子玉川","11",160000000,"2400000","","220",730000,"長方形","13.0","","","","","住宅","南","区道",2.8,"第１種中高層住居専用地域",60,200,"2020年第３四半期","","私道を含む取引"
287,"宅地(土地と建物)","住宅地","13112","東京都","世田谷区","瀬田","二子玉川","13",190000000,"","","155",,"ほぼ長方形","12.4","155","平成20年","ＲＣ","住宅","住宅","北東","区道",3.9,"第１種低層住居専用地域",50,100,"2020年第３四半期","",""
288,"宅地(土地)","住宅地","13112","東京都","世田谷区","瀬田","二子玉川","19",160000000,"1800000","","280",550000,"ほぼ長方形","12.6","","","","","住宅","東","区道",5.0,"第１種低層住居専用地域",50,100,"2020年第３四半期","",""
289,"宅地(土地と建物)","住宅地","13112","東京都","世田谷区","瀬田","二子玉川","14",120000000,"","","105",,"ほぼ台形","14.2","150","令和2年","木造","住宅","住宅","南東","区道",8.0,"第２種低層住居専用地域",60,150,"2020年第３四半期","",""
290,"中古マンション等","","13112","東京都","世田谷区","瀬田","二子玉川","11",67000000,"","３ＬＤＫ","85",,"","","","平成13年","ＲＣ","住宅","住宅","","",,"第１種中高層住居専用地域",60,200,"2020年第３四半期","",""
291,"宅地(土地と建物)","住宅地","13112","東京都","世田谷区","瀬田","用賀","12",60000000,"","","50",,"ほぼ長方形","","65","平成30年","木造","住宅","住宅","北","私道",4.0,"第１種住居地域",60,200,"2020年第３四半期","",""
292,"中古マンション等","","13112","東京都","世田谷区","瀬田","用賀","15",22000000,"","１Ｋ","20",,"","","","平成16年","ＲＣ","住宅","住宅","","",,"近隣商業地域",80,300,"2020年第３四半期","",""
293,"中古マンション等","","13112","東京都","世田谷区","瀬田","用賀","8",20000000,"","１ＤＫ","25",,"","","","平成9年","ＳＲＣ","住宅","その他","","",,"近隣商業地域",80,300,"2020年第３四半期","",""
294,"中古マンション等","","13112","東京都","世田谷区","瀬田","用賀","13",73000000,"","３ＬＤＫ","70",,"","","","平成27年","ＲＣ","住宅","住宅","","",,"第１種中高層住居専用地域",60,200,"2020年第３四半期","未改装",""
295,"宅地(土地)","住宅地","13112","東京都","世田谷区","世田谷","上町","5",54000000,"1700000","","105",510000,"長方形","7.0","","","","","住宅","東","私道",4.0,"第１種中高層住居専用地域",60,200,"2020年第３四半期","","私道を含む取引"
296,"中古マンション等","","13112","東京都","世田谷区","世田谷","上町","8",22000000,"","１ＬＤＫ","40",,"","","","平成13年","ＲＣ","","その他","","",,"近隣商業地域",80,300,"2020年第３四半期","未改装",""
297,"中古マンション等","","13112","東京都","世田谷区","世田谷","松陰神社前","5",65000000,"","４ＬＤＫ","105",,"","","","平成17年","ＲＣ","住宅","住宅","","",,"第１種低層住居専用地域",60,150,"2020年第３四半期","未改装",""
298,"宅地(土地)","住宅地","13112","東京都","世田谷区","世田谷","世田谷","6",110000000,"1700000","","220",510000,"ほぼ長方形","11.0","","","","","住宅","東","区道",14.9,"第２種住居地域",60,300,"2020年第３四半期","",""
299,"宅地(土地と建物)","住宅地","13112","東京都","世田谷区","世田谷","世田谷","3",85000000,"","","70",,"長方形","7.0","105","令和2年","木造","共同住宅","住宅","南","区道",5.8,"第１種住居地域",60,200,"2020年第３四半期","",""
300,"中古マンション等","","13112","東京都","世田谷区","世田谷","世田谷","1",26000000,"","２ＬＤＫ","45",,"","","","昭和47年","ＳＲＣ","住宅","住宅","","",,"第１種住居地域",60,200,"2020年第３四半期","未改装",""
301,"宅地(土地と建物)","住宅地","13112","東京都","世田谷区","祖師谷","祖師ケ谷大蔵","3",68000000,"","","75",,"ほぼ長方形","6.7","105","平成8年","木造","住宅","住宅","東","区道",3.8,"第１種低層住居専用地域",60,150,"2020年第３四半期","",""
302,"宅地(土地と建物)","住宅地","13112","東京都","世田谷区","祖師谷","祖師ケ谷大蔵","13",65000000,"","","80",,"ほぼ長方形","7.7","80","令和2年","木造","住宅","住宅","東","区道",3.4,"第１種低層住居専用地域",50,100,"2020年第３四半期","",""
303,"宅地(土地と建物)","住宅地","13112","東京都","世田谷区","祖師谷","祖師ケ谷大蔵","13",72000000,"","","120",,"ほぼ長方形","7.2","95","令和2年","木造","住宅","住宅","南","区道",4.0,"第１種低層住居専用地域",40,80,"2020年第３四半期","",""
304,"宅地(土地と建物)","住宅地","13112","東京都","世田谷区","祖師谷","祖師ケ谷大蔵","13",70000000,"","","95",,"長方形","8.7","90","平成31年","木造","住宅","住宅","西","区道",4.0,"第１種低層住居専用地域",50,100,"2020年第３四半期","",""
305,"宅地(土地と建物)","住宅地","13112","東京都","世田谷区","祖師谷","祖師ケ谷大蔵","7",50000000,"","","55",,"長方形","8.1","85","平成15年","木造","住宅","住宅","西","区道",4.1,"第１種低層住居専用地域",60,150,"2020年第３四半期","",""
306,"宅地(土地)","住宅地","13112","東京都","世田谷区","祖師谷","祖師ケ谷大蔵","8",66000000,"2000000","","110",610000,"長方形","6.0","","","","","住宅","南","区道",3.5,"第１種低層住居専用地域",60,150,"2020年第３四半期","",""
307,"宅地(土地と建物)","住宅地","13112","東京都","世田谷区","祖師谷","祖師ケ谷大蔵","4",100000000,"","","360",,"ほぼ長方形","8.3","340","昭和52年","木造","住宅","その他","東","区道",3.8,"第１種低層住居専用地域",60,150,"2020年第３四半期","","私道を含む取引"
308,"宅地(土地と建物)","住宅地","13112","東京都","世田谷区","祖師谷","祖師ケ谷大蔵","18",58000000,"","","100",,"長方形","6.9","80","令和2年","木造","住宅","住宅","北","区道",4.0,"第１種低層住居専用地域",40,80,"2020年第３四半期","",""
309,"宅地(土地と建物)","住宅地","13112","東京都","世田谷区","祖師谷","祖師ケ谷大蔵","13",74000000,"","","90",,"ほぼ長方形","6.8","90","平成31年","木造","住宅","","西","区道",4.0,"第１種低層住居専用地域",50,100,"2020年第３四半期","",""
310,"宅地(土地)","住宅地","13112","東京都","世田谷区","祖師谷","祖師ケ谷大蔵","9",66000000,"1700000","","130",510000,"長方形","12.0","","","","","住宅","東","私道",4.0,"第１種低層住居専用地域",60,150,"2020年第３四半期","",""
311,"中古マンション等","","13112","東京都","世田谷区","祖師谷","祖師ケ谷大蔵","4",22000000,"","１Ｋ","25",,"","","","平成19年","ＲＣ","住宅","住宅","","",,"第１種中高層住居専用地域",60,200,"2020年第３四半期","未改装",""
312,"宅地(土地と建物)","住宅地","13112","東京都","世田谷区","代沢","池ノ上","6",120000000,"","","100",,"ほぼ長方形","6.5","115","令和2年","木造","住宅","住宅","南","区道",3.7,"第１種低層住居専用地域",50,150,"2020年第３四半期","","私道を含む取引"
313,"宅地(土地)","住宅地","13112","東京都","世田谷区","代沢","池ノ上","5",190000000,"3000000","","210",900000,"ほぼ長方形","12.1","","","","","住宅","北","区道",3.6,"第１種低層住居専用地域",50,150,"2020年第３四半期","","私道を含む取引"
314,"宅地(土地と建物)","住宅地","13112","東京都","世田谷区","代沢","池ノ上","3",79000000,"","","105",,"袋地等","3.4","115","平成21年","ＲＣ、木造","住宅","住宅","東","区道",3.9,"第１種低層住居専用地域",50,150,"2020年第３四半期","",""
315,"中古マンション等","","13112","東京都","世田谷区","代沢","池ノ上","6",160000000,"","３ＬＤＫ","110",,"","","","平成11年","ＲＣ","住宅","住宅","","",,"第１種低層住居専用地域",50,150,"2020年第３四半期","改装済",""
316,"宅地(土地)","住宅地","13112","東京都","世田谷区","代沢","三軒茶屋","16",100000000,"2600000","","130",790000,"ほぼ長方形","7.5","","","","","住宅","南","区道",6.1,"第１種低層住居専用地域",50,150,"2020年第３四半期","",""
317,"宅地(土地と建物)","住宅地","13112","東京都","世田谷区","代沢","下北沢","12",73000000,"","","60",,"長方形","4.3","95","平成22年","木造","住宅","住宅","東","区道",5.3,"第１種中高層住居専用地域",60,200,"2020年第３四半期","",""
318,"宅地(土地と建物)","住宅地","13112","東京都","世田谷区","代沢","下北沢","8",110000000,"","","85",,"ほぼ長方形","5.6","105","平成19年","木造","住宅","住宅","北","区道",3.8,"第１種低層住居専用地域",50,150,"2020年第３四半期","","私道を含む取引"
319,"中古マンション等","","13112","東京都","世田谷区","代沢","下北沢","11",41000000,"","２ＤＫ","50",,"","","","平成7年","ＲＣ","住宅","住宅","","",,"近隣商業地域",80,200,"2020年第３四半期","",""
320,"中古マンション等","","13112","東京都","世田谷区","代沢","下北沢","13",53000000,"","２ＬＤＫ","65",,"","","","平成11年","ＲＣ","住宅","住宅","","",,"第１種中高層住居専用地域",60,200,"2020年第３四半期","未改装",""
321,"宅地(土地)","住宅地","13112","東京都","世田谷区","太子堂","三軒茶屋","4",79000000,"2800000","","90",860000,"ほぼ長方形","9.8","","","","","住宅","南東","道路",3.6,"第１種住居地域",60,200,"2020年第３四半期","",""
322,"宅地(土地と建物)","住宅地","13112","東京都","世田谷区","太子堂","三軒茶屋","7",54000000,"","","95",,"袋地等","","80","","木造","住宅","住宅","北西","私道",1.8,"第１種住居地域",60,200,"2020年第３四半期","",""
323,"宅地(土地)","住宅地","13112","東京都","世田谷区","太子堂","三軒茶屋","9",68000000,"3700000","","60",1100000,"ほぼ長方形","9.1","","","","","住宅","西","道路",3.9,"第１種中高層住居専用地域",60,200,"2020年第３四半期","",""
324,"宅地(土地と建物)","住宅地","13112","東京都","世田谷区","太子堂","三軒茶屋","8",74000000,"","","60",,"不整形","5.6","105","","木造","住宅","住宅","西","道路",3.9,"第１種中高層住居専用地域",60,200,"2020年第３四半期","","私道を含む取引"
325,"宅地(土地と建物)","住宅地","13112","東京都","世田谷区","太子堂","三軒茶屋","7",490000000,"","","200",,"ほぼ長方形","13.5","460","令和2年","ＲＣ","共同住宅","住宅","北","区道",5.4,"第１種住居地域",60,200,"2020年第３四半期","","私道を含む取引"
326,"中古マンション等","","13112","東京都","世田谷区","太子堂","三軒茶屋","10",170000000,"","３ＬＤＫ","110",,"","","","平成20年","ＲＣ","","住宅","","",,"第１種中高層住居専用地域",60,200,"2020年第３四半期","未改装",""
327,"中古マンション等","","13112","東京都","世田谷区","太子堂","三軒茶屋","10",34000000,"","１ＤＫ","35",,"","","","昭和52年","ＳＲＣ","","住宅","","",,"近隣商業地域",80,300,"2020年第３四半期","改装済",""
328,"中古マンション等","","13112","東京都","世田谷区","太子堂","三軒茶屋","4",28000000,"","１Ｋ","20",,"","","","平成11年","ＳＲＣ","住宅","住宅","","",,"商業地域",80,400,"2020年第３四半期","改装済",""
329,"中古マンション等","","13112","東京都","世田谷区","太子堂","三軒茶屋","7",13000000,"","","20",,"","","","昭和59年","ＳＲＣ","","住宅","","",,"商業地域",80,500,"2020年第３四半期","未改装",""
330,"中古マンション等","","13112","東京都","世田谷区","太子堂","三軒茶屋","4",32000000,"","１ＬＤＫ","35",,"","","","昭和58年","ＳＲＣ","住宅","事務所","","",,"商業地域",80,500,"2020年第３四半期","未改装",""
331,"中古マンション等","","13112","東京都","世田谷区","太子堂","三軒茶屋","6",54000000,"","１ＬＤＫ","35",,"","","","平成29年","ＲＣ","住宅","住宅","","",,"商業地域",80,500,"2020年第３四半期","未改装",""
332,"中古マンション等","","13112","東京都","世田谷区","太子堂","三軒茶屋","4",28000000,"","１Ｋ","20",,"","","","平成18年","ＳＲＣ","住宅","住宅","","",,"商業地域",80,600,"2020年第３四半期","未改装",""
333,"中古マンション等","","13112","東京都","世田谷区","太子堂","三軒茶屋","8",31000000,"","１Ｋ","25",,"","","","平成24年","ＲＣ","住宅","住宅","","",,"近隣商業地域",80,300,"2020年第３四半期","未改装",""
334,"中古マンション等","","13112","東京都","世田谷区","太子堂","三軒茶屋","8",25000000,"","１ＬＤＫ","35",,"","","","平成4年","ＲＣ","住宅","住宅","","",,"第１種中高層住居専用地域",60,200,"2020年第３四半期","未改装",""
335,"中古マンション等","","13112","東京都","世田谷区","太子堂","三軒茶屋","9",39000000,"","１Ｋ","25",,"","","","令和2年","ＲＣ","住宅","その他","","",,"近隣商業地域",80,200,"2020年第３四半期","未改装",""
336,"中古マンション等","","13112","東京都","世田谷区","太子堂","三軒茶屋","9",39000000,"","１Ｋ","25",,"","","","令和2年","ＲＣ","住宅","住宅","","",,"近隣商業地域",80,200,"2020年第３四半期","",""
337,"宅地(土地と建物)","住宅地","13112","東京都","世田谷区","代田","梅ケ丘","3",90000000,"","","90",,"袋地等","","95","令和2年","木造","住宅","住宅","西","区道",6.0,"第１種低層住居専用地域",60,150,"2020年第３四半期","",""
338,"宅地(土地と建物)","住宅地","13112","東京都","世田谷区","代田","梅ケ丘","3",95000000,"","","110",,"袋地等","2.1","100","令和2年","木造","住宅","住宅","西","区道",6.0,"第１種低層住居専用地域",60,150,"2020年第３四半期","",""
339,"宅地(土地)","住宅地","13112","東京都","世田谷区","代田","梅ケ丘","3",69000000,"2100000","","110",640000,"長方形","5.9","","","","","住宅","北東","区道",6.0,"第１種低層住居専用地域",60,150,"2020年第３四半期","",""
340,"宅地(土地と建物)","住宅地","13112","東京都","世田谷区","代田","梅ケ丘","9",290000000,"","","165",,"ほぼ正方形","12.0","280","平成30年","ＲＣ","共同住宅","住宅","北東","区道",4.2,"第１種低層住居専用地域",60,150,"2020年第３四半期","",""
341,"中古マンション等","","13112","東京都","世田谷区","代田","梅ケ丘","5",46000000,"","１ＬＤＫ","65",,"","","","平成17年","ＲＣ","住宅","住宅","","",,"第１種低層住居専用地域",60,150,"2020年第３四半期","",""
342,"宅地(土地)","住宅地","13112","東京都","世田谷区","代田","下北沢","5",240000000,"3200000","","250",970000,"ほぼ長方形","12.0","","","","","住宅","南東","区道",4.4,"第１種低層住居専用地域",50,150,"2020年第３四半期","",""
343,"宅地(土地)","住宅地","13112","東京都","世田谷区","代田","下北沢","5",160000000,"3100000","","165",940000,"ほぼ長方形","7.9","","","","","住宅","南東","区道",4.4,"第１種低層住居専用地域",50,150,"2020年第３四半期","",""
344,"宅地(土地)","住宅地","13112","東京都","世田谷区","代田","下北沢","5",480000000,"3500000","","440",1100000,"ほぼ正方形","20.9","","","","","住宅","南東","区道",4.4,"第１種低層住居専用地域",50,150,"2020年第３四半期","",""
345,"宅地(土地と建物)","住宅地","13112","東京都","世田谷区","代田","新代田","5",70000000,"","","70",,"長方形","4.6","75","令和2年","木造","住宅","住宅","西","区道",4.3,"準住居地域",60,300,"2020年第３四半期","",""
346,"宅地(土地と建物)","住宅地","13112","東京都","世田谷区","代田","新代田","2",81000000,"","","220",,"ほぼ長方形","","150","昭和44年","木造","共同住宅","住宅","西","私道",2.9,"第１種低層住居専用地域",50,150,"2020年第３四半期","","私道を含む取引"
347,"中古マンション等","","13112","東京都","世田谷区","代田","新代田","0",30000000,"","１Ｋ","25",,"","","","平成26年","ＲＣ","住宅","住宅","","",,"近隣商業地域",80,300,"2020年第３四半期","未改装",""
348,"宅地(土地)","住宅地","13112","東京都","世田谷区","代田","世田谷代田","7",120000000,"2800000","","145",860000,"長方形","14.1","","","","","住宅","南","区道",4.1,"第１種低層住居専用地域",50,150,"2020年第３四半期","",""
349,"宅地(土地と建物)","住宅地","13112","東京都","世田谷区","代田","世田谷代田","3",100000000,"","","100",,"ほぼ長方形","8.5","150","平成9年","ＲＣ","住宅","住宅","南","区道",4.5,"第１種低層住居専用地域",50,150,"2020年第３四半期","",""
350,"宅地(土地と建物)","住宅地","13112","東京都","世田谷区","代田","世田谷代田","11",74000000,"","","100",,"袋地等","2.7","90","令和2年","木造","住宅","住宅","東","区道",5.9,"第１種低層住居専用地域",50,150,"2020年第３四半期","",""
351,"宅地(土地)","住宅地","13112","東京都","世田谷区","代田","世田谷代田","11",80000000,"2200000","","120",670000,"長方形","7.2","","","","","住宅","西","区道",3.4,"第１種低層住居専用地域",50,150,"2020年第３四半期","",""
352,"宅地(土地と建物)","住宅地","13112","東京都","世田谷区","代田","世田谷代田","6",130000000,"","","190",,"長方形","10.4","260","昭和64年","鉄骨造","共同住宅、店舗","住宅","北東","区道",6.0,"第１種低層住居専用地域",60,150,"2020年第３四半期","",""
353,"中古マンション等","","13112","東京都","世田谷区","代田","世田谷代田","5",73000000,"","３ＬＤＫ","70",,"","","","平成18年","ＲＣ","住宅","住宅","","",,"第１種低層住居専用地域",60,150,"2020年第３四半期","改装済",""
354,"宅地(土地)","住宅地","13112","東京都","世田谷区","代田","東松原","6",75000000,"3100000","","80",930000,"ほぼ長方形","6.6","","","","","住宅","東","区道",6.0,"第１種低層住居専用地域",60,150,"2020年第３四半期","",""
355,"宅地(土地と建物)","住宅地","13112","東京都","世田谷区","代田","東松原","4",130000000,"","","105",,"ほぼ長方形","9.3","110","令和2年","軽量鉄骨造","住宅","住宅","南","区道",4.3,"第１種低層住居専用地域",60,150,"2020年第３四半期","",""
356,"中古マンション等","","13112","東京都","世田谷区","玉川","二子玉川","8",130000000,"","３ＬＤＫ","85",,"","","","平成22年","ＲＣ","","住宅","","",,"第１種住居地域",60,200,"2020年第３四半期","未改装",""
357,"中古マンション等","","13112","東京都","世田谷区","玉川","二子玉川","5",7500000,"","１Ｋ","15",,"","","","昭和59年","ＲＣ","住宅","住宅","","",,"第１種住居地域",60,200,"2020年第３四半期","未改装",""
358,"中古マンション等","","13112","東京都","世田谷区","玉川","二子玉川","8",280000000,"","２ＬＤＫ","135",,"","","","平成22年","ＲＣ","","住宅","","",,"第１種住居地域",60,200,"2020年第３四半期","未改装",""
359,"中古マンション等","","13112","東京都","世田谷区","玉川","二子玉川","6",120000000,"","３ＬＤＫ","80",,"","","","平成22年","ＲＣ","","住宅","","",,"第１種住居地域",60,200,"2020年第３四半期","未改装",""
360,"中古マンション等","","13112","東京都","世田谷区","玉川","二子玉川","8",120000000,"","２ＬＤＫ","70",,"","","","平成22年","ＲＣ","","住宅","","",,"第１種住居地域",60,200,"2020年第３四半期","改装済",""
361,"中古マンション等","","13112","東京都","世田谷区","玉川台","用賀","5",32000000,"","２ＬＤＫ","50",,"","","","平成23年","ＲＣ","住宅","住宅","","",,"第２種低層住居専用地域",60,150,"2020年第３四半期","未改装",""
362,"中古マンション等","","13112","東京都","世田谷区","玉川台","用賀","3",60000000,"","","70",,"","","","平成14年","ＲＣ","","住宅","","",,"第１種中高層住居専用地域",60,200,"2020年第３四半期","未改装",""
363,"中古マンション等","","13112","東京都","世田谷区","玉川台","用賀","5",35000000,"","１ＬＤＫ","40",,"","","","昭和59年","ＲＣ","","住宅","","",,"第１種中高層住居専用地域",60,200,"2020年第３四半期","改装済",""
364,"中古マンション等","","13112","東京都","世田谷区","玉川台","用賀","7",22000000,"","１Ｋ","20",,"","","","平成13年","ＲＣ","","その他","","",,"近隣商業地域",80,300,"2020年第３四半期","未改装",""
365,"中古マンション等","","13112","東京都","世田谷区","玉川台","用賀","3",53000000,"","２ＬＤＫ","65",,"","","","平成14年","ＲＣ","","住宅","","",,"第２種低層住居専用地域",60,150,"2020年第３四半期","未改装",""
366,"中古マンション等","","13112","東京都","世田谷区","玉川台","用賀","8",25000000,"","１Ｋ","20",,"","","","平成21年","ＲＣ","","住宅","","",,"近隣商業地域",80,300,"2020年第３四半期","未改装",""
367,"宅地(土地)","住宅地","13112","東京都","世田谷区","玉川田園調布","九品仏","8",180000000,"2400000","","250",720000,"長方形","9.0","","","","","住宅","南西","区道",5.4,"第１種低層住居専用地域",50,100,"2020年第３四半期","",""
368,"宅地(土地)","住宅地","13112","東京都","世田谷区","玉川田園調布","九品仏","7",110000000,"3100000","","115",940000,"ほぼ長方形","11.4","","","","","住宅","南","区道",5.3,"第１種低層住居専用地域",50,100,"2020年第３四半期","",""
369,"中古マンション等","","13112","東京都","世田谷区","玉堤","尾山台","19",46000000,"","３ＬＤＫ","75",,"","","","平成12年","ＲＣ","住宅","住宅","","",,"第１種中高層住居専用地域",60,200,"2020年第３四半期","未改装",""
370,"中古マンション等","","13112","東京都","世田谷区","玉堤","尾山台","19",11000000,"","","50",,"","","","昭和54年","ＲＣ","住宅","住宅","","",,"第１種中高層住居専用地域",60,200,"2020年第３四半期","未改装",""
371,"中古マンション等","","13112","東京都","世田谷区","玉堤","尾山台","13",43000000,"","２ＬＤＫ","75",,"","","","平成9年","ＲＣ","住宅","住宅","","",,"第１種中高層住居専用地域",60,200,"2020年第３四半期","未改装",""
372,"中古マンション等","","13112","東京都","世田谷区","玉堤","等々力","14",31000000,"","３ＬＤＫ","55",,"","","","平成7年","ＲＣ","住宅","住宅","","",,"第１種中高層住居専用地域",60,200,"2020年第３四半期","未改装",""
373,"宅地(土地と建物)","住宅地","13112","東京都","世田谷区","千歳台","祖師ケ谷大蔵","13",33000000,"","","190",,"ほぼ長方形","","150","昭和45年","木造","共同住宅","その他","西","道路",4.0,"第１種低層住居専用地域",50,100,"2020年第３四半期","",""
374,"宅地(土地と建物)","住宅地","13112","東京都","世田谷区","千歳台","祖師ケ谷大蔵","16",89000000,"","","95",,"ほぼ長方形","8.8","95","令和2年","木造","住宅","住宅","南","私道",5.0,"第１種低層住居専用地域",50,100,"2020年第３四半期","",""
375,"宅地(土地と建物)","住宅地","13112","東京都","世田谷区","千歳台","祖師ケ谷大蔵","16",61000000,"","","105",,"不整形","3.6","95","令和2年","木造","住宅","住宅","南東","区道",5.0,"第１種低層住居専用地域",50,100,"2020年第３四半期","",""
376,"宅地(土地)","住宅地","13112","東京都","世田谷区","千歳台","祖師ケ谷大蔵","12",59000000,"1700000","","115",500000,"ほぼ長方形","7.9","","","","","住宅","西","区道",3.8,"第１種低層住居専用地域",50,100,"2020年第３四半期","",""
377,"宅地(土地と建物)","住宅地","13112","東京都","世田谷区","千歳台","祖師ケ谷大蔵","14",75000000,"","","120",,"ほぼ正方形","11.0","95","令和2年","木造","住宅","住宅","東","道路",3.9,"第１種低層住居専用地域",50,100,"2020年第３四半期","","私道を含む取引"
378,"宅地(土地と建物)","住宅地","13112","東京都","世田谷区","千歳台","祖師ケ谷大蔵","14",62000000,"","","240",,"不整形","","145","昭和45年","木造","住宅、共同住宅","住宅","西","区道",3.8,"第１種低層住居専用地域",50,100,"2020年第３四半期","",""
379,"宅地(土地と建物)","住宅地","13112","東京都","世田谷区","千歳台","祖師ケ谷大蔵","16",92000000,"","","95",,"ほぼ長方形","6.7","90","令和2年","木造","住宅","住宅","東","区道",6.2,"第１種低層住居専用地域",50,100,"2020年第３四半期","",""
380,"中古マンション等","","13112","東京都","世田谷区","千歳台","祖師ケ谷大蔵","19",40000000,"","３ＬＤＫ","65",,"","","","平成12年","ＲＣ","住宅","住宅","","",,"第１種中高層住居専用地域",60,200,"2020年第３四半期","未改装",""
381,"宅地(土地と建物)","住宅地","13112","東京都","世田谷区","千歳台","千歳烏山","19",83000000,"","","200",,"長方形","19.0","320","昭和59年","ＲＣ","共同住宅","その他","南","区道",6.0,"第１種中高層住居専用地域",60,200,"2020年第３四半期","",""
382,"中古マンション等","","13112","東京都","世田谷区","千歳台","千歳烏山","18",49000000,"","３ＬＤＫ","70",,"","","","平成12年","ＲＣ","住宅","住宅","","",,"第１種中高層住居専用地域",60,200,"2020年第３四半期","未改装",""
383,"中古マンション等","","13112","東京都","世田谷区","千歳台","千歳烏山","18",56000000,"","３ＬＤＫ","75",,"","","","平成12年","ＲＣ","住宅","住宅","","",,"第１種中高層住居専用地域",60,200,"2020年第３四半期","未改装",""
384,"宅地(土地と建物)","住宅地","13112","東京都","世田谷区","千歳台","千歳船橋","18",66000000,"","","95",,"ほぼ長方形","7.2","90","令和2年","木造","住宅","住宅","南","私道",5.0,"第１種低層住居専用地域",50,100,"2020年第３四半期","",""
385,"中古マンション等","","13112","東京都","世田谷区","千歳台","千歳船橋","11",42000000,"","３ＬＤＫ","70",,"","","","平成16年","ＲＣ","住宅","","","",,"第２種住居地域",60,300,"2020年第３四半期","未改装",""
386,"中古マンション等","","13112","東京都","世田谷区","千歳台","千歳船橋","11",18000000,"","１Ｋ","15",,"","","","平成11年","ＳＲＣ","住宅","その他","","",,"第２種住居地域",60,300,"2020年第３四半期","",""
387,"宅地(土地)","住宅地","13112","東京都","世田谷区","弦巻","上町","9",65000000,"2700000","","80",820000,"ほぼ長方形","5.6","","","","","住宅","南西","区道",9.1,"第１種低層住居専用地域",60,150,"2020年第３四半期","",""
388,"宅地(土地)","住宅地","13112","東京都","世田谷区","弦巻","上町","11",63000000,"2300000","","90",690000,"ほぼ長方形","5.4","","","","","住宅","北西","区道",6.0,"第１種低層住居専用地域",60,150,"2020年第３四半期","",""
389,"宅地(土地と建物)","住宅地","13112","東京都","世田谷区","弦巻","上町","8",130000000,"","","230",,"袋地等","","220","平成14年","軽量鉄骨造","共同住宅","住宅","南東","区道",5.8,"第１種低層住居専用地域",60,150,"2020年第３四半期","",""
390,"宅地(土地)","住宅地","13112","東京都","世田谷区","弦巻","上町","13",57000000,"1900000","","100",590000,"袋地等","","","","","","住宅","北西","私道",4.0,"第１種低層住居専用地域",60,150,"2020年第３四半期","",""
391,"中古マンション等","","13112","東京都","世田谷区","弦巻","上町","8",69000000,"","３ＬＤＫ","70",,"","","","平成17年","ＲＣ","","住宅","","",,"第１種中高層住居専用地域",60,200,"2020年第３四半期","未改装",""
392,"中古マンション等","","13112","東京都","世田谷区","弦巻","上町","9",16000000,"","２ＤＫ","45",,"","","","昭和48年","ＳＲＣ","住宅","その他","","",,"近隣商業地域",80,300,"2020年第３四半期","未改装",""
393,"中古マンション等","","13112","東京都","世田谷区","弦巻","上町","8",61000000,"","３ＬＤＫ","60",,"","","","平成24年","ＲＣ","住宅","住宅","","",,"第１種中高層住居専用地域",60,200,"2020年第３四半期","未改装",""
394,"宅地(土地と建物)","住宅地","13112","東京都","世田谷区","弦巻","駒沢大学","12",70000000,"","","90",,"袋地等","2.0","95","令和2年","木造","住宅","住宅","北西","区道",4.0,"第１種低層住居専用地域",50,100,"2020年第３四半期","",""
395,"宅地(土地と建物)","住宅地","13112","東京都","世田谷区","弦巻","駒沢大学","12",95000000,"","","95",,"ほぼ長方形","6.6","95","平成31年","木造","住宅","住宅","西","私道",4.0,"第１種低層住居専用地域",60,150,"2020年第３四半期","",""
396,"中古マンション等","","13112","東京都","世田谷区","弦巻","駒沢大学","13",39000000,"","","55",,"","","","昭和52年","ＲＣ","住宅","住宅","","",,"第２種中高層住居専用地域",60,200,"2020年第３四半期","改装済",""
397,"宅地(土地と建物)","住宅地","13112","東京都","世田谷区","弦巻","桜新町","9",72000000,"","","80",,"ほぼ長方形","4.6","80","平成12年","木造","住宅","住宅","北東","区道",8.0,"第１種低層住居専用地域",60,150,"2020年第３四半期","",""
398,"宅地(土地)","住宅地","13112","東京都","世田谷区","弦巻","桜新町","9",51000000,"2400000","","70",730000,"ほぼ長方形","10.8","","","","","住宅","西","区道",4.0,"第１種低層住居専用地域",60,150,"2020年第３四半期","",""
399,"宅地(土地)","住宅地","13112","東京都","世田谷区","弦巻","桜新町","8",83000000,"2500000","","110",750000,"ほぼ長方形","5.9","","","","","住宅","西","区道",8.0,"第１種低層住居専用地域",60,150,"2020年第３四半期","",""
400,"中古マンション等","","13112","東京都","世田谷区","弦巻","桜新町","8",36000000,"","","45",,"","","","昭和58年","ＲＣ","","住宅","","",,"準工業地域",60,200,"2020年第３四半期","改装済",""
401,"中古マンション等","","13112","東京都","世田谷区","弦巻","桜新町","10",17000000,"","１Ｋ","15",,"","","","平成4年","ＲＣ","住宅","","","",,"第１種中高層住居専用地域",60,200,"2020年第３四半期","改装済",""
402,"中古マンション等","","13112","東京都","世田谷区","弦巻","桜新町","8",12000000,"","１Ｋ","15",,"","","","昭和60年","ＲＣ","住宅","住宅","","",,"第１種中高層住居専用地域",60,200,"2020年第３四半期","未改装",""
403,"中古マンション等","","13112","東京都","世田谷区","弦巻","桜新町","8",24000000,"","１Ｋ","25",,"","","","平成21年","ＲＣ","住宅","住宅","","",,"準工業地域",60,200,"2020年第３四半期","未改装",""
404,"中古マンション等","","13112","東京都","世田谷区","弦巻","桜新町","11",61000000,"","３ＬＤＫ","85",,"","","","平成2年","ＲＣ","住宅","住宅","","",,"第１種中高層住居専用地域",60,200,"2020年第３四半期","未改装",""
405,"中古マンション等","","13112","東京都","世田谷区","弦巻","桜新町","10",62000000,"","２ＬＤＫ","65",,"","","","平成18年","ＲＣ","住宅","住宅","","",,"第１種中高層住居専用地域",60,200,"2020年第３四半期","未改装",""
406,"中古マンション等","","13112","東京都","世田谷区","弦巻","桜新町","11",130000000,"","３ＬＤＫ","110",,"","","","平成12年","ＲＣ","","住宅","","",,"第１種低層住居専用地域",60,150,"2020年第３四半期","改装済",""
407,"中古マンション等","","13112","東京都","世田谷区","弦巻","桜新町","7",38000000,"","２ＤＫ","40",,"","","","平成21年","ＲＣ","住宅","住宅","","",,"第１種中高層住居専用地域",60,200,"2020年第３四半期","未改装",""
408,"中古マンション等","","13112","東京都","世田谷区","弦巻","桜新町","10",86000000,"","３ＬＤＫ","70",,"","","","平成28年","ＲＣ","","住宅","","",,"第１種中高層住居専用地域",60,200,"2020年第３四半期","未改装",""
409,"中古マンション等","","13112","東京都","世田谷区","弦巻","松陰神社前","6",85000000,"","３ＬＤＫ","100",,"","","","平成12年","ＲＣ","住宅","住宅","","",,"第２種低層住居専用地域",60,150,"2020年第３四半期","未改装",""
410,"中古マンション等","","13112","東京都","世田谷区","弦巻","世田谷","11",68000000,"","３ＬＤＫ","75",,"","","","平成13年","ＲＣ","住宅","住宅","","",,"第２種中高層住居専用地域",60,200,"2020年第３四半期","未改装",""
411,"宅地(土地と建物)","住宅地","13112","東京都","世田谷区","等々力","尾山台","11",77000000,"","","80",,"長方形","5.2","95","平成31年","木造","住宅","住宅","南東","区道",11.0,"第１種低層住居専用地域",50,150,"2020年第３四半期","",""
412,"宅地(土地)","住宅地","13112","東京都","世田谷区","等々力","尾山台","6",93000000,"2900000","","105",880000,"長方形","11.4","","","","","住宅","東","区道",4.5,"第１種低層住居専用地域",50,100,"2020年第３四半期","",""
413,"宅地(土地と建物)","住宅地","13112","東京都","世田谷区","等々力","尾山台","7",110000000,"","","95",,"不整形","3.5","90","令和2年","木造","住宅","住宅","北","私道",4.5,"第１種低層住居専用地域",50,100,"2020年第３四半期","",""
414,"宅地(土地と建物)","住宅地","13112","東京都","世田谷区","等々力","尾山台","11",80000000,"","","80",,"長方形","5.2","80","令和2年","木造","住宅","住宅","東","区道",6.8,"第１種低層住居専用地域",50,100,"2020年第３四半期","",""
415,"宅地(土地と建物)","住宅地","13112","東京都","世田谷区","等々力","尾山台","6",120000000,"","","120",,"ほぼ台形","4.0","100","令和2年","木造","住宅","住宅","北","私道",4.0,"第１種低層住居専用地域",50,100,"2020年第３四半期","",""
416,"宅地(土地と建物)","住宅地","13112","東京都","世田谷区","等々力","尾山台","6",130000000,"","","125",,"不整形","3.2","100","令和2年","木造","住宅","住宅","北","区道",5.9,"第１種低層住居専用地域",50,100,"2020年第３四半期","",""
417,"中古マンション等","","13112","東京都","世田谷区","等々力","尾山台","14",45000000,"","３ＬＤＫ","65",,"","","","平成6年","ＲＣ","","住宅","","",,"第１種住居地域",60,200,"2020年第３四半期","未改装",""
418,"中古マンション等","","13112","東京都","世田谷区","等々力","尾山台","15",72000000,"","３ＬＤＫ","80",,"","","","平成22年","ＲＣ","住宅","住宅","","",,"第１種住居地域",60,200,"2020年第３四半期","改装済",""
419,"中古マンション等","","13112","東京都","世田谷区","等々力","尾山台","13",70000000,"","２ＬＤＫ","75",,"","","","平成7年","ＲＣ","住宅","住宅","","",,"第１種中高層住居専用地域",60,200,"2020年第３四半期","改装済",""
420,"中古マンション等","","13112","東京都","世田谷区","等々力","尾山台","15",63000000,"","３ＬＤＫ","65",,"","","","平成22年","ＲＣ","住宅","住宅","","",,"第１種住居地域",60,200,"2020年第３四半期","",""
421,"中古マンション等","","13112","東京都","世田谷区","等々力","尾山台","7",21000000,"","１Ｋ","25",,"","","","平成17年","ＲＣ","住宅","住宅","","",,"第１種住居地域",60,300,"2020年第３四半期","未改装",""
422,"中古マンション等","","13112","東京都","世田谷区","等々力","尾山台","10",64000000,"","２ＬＤＫ","75",,"","","","","ＲＣ","住宅","住宅","","",,"第１種低層住居専用地域",40,80,"2020年第３四半期","",""
423,"宅地(土地)","住宅地","13112","東京都","世田谷区","等々力","九品仏","12",100000000,"2600000","","135",780000,"長方形","13.0","","","","","住宅","西","区道",6.0,"第１種低層住居専用地域",50,100,"2020年第３四半期","",""
424,"宅地(土地)","住宅地","13112","東京都","世田谷区","等々力","九品仏","12",75000000,"2000000","","125",600000,"ほぼ長方形","7.4","","","","","住宅","東","私道",4.0,"第１種低層住居専用地域",50,100,"2020年第３四半期","","私道を含む取引"
425,"中古マンション等","","13112","東京都","世田谷区","等々力","九品仏","12",66000000,"","２ＬＤＫ","65",,"","","","平成17年","ＲＣ","住宅","住宅","","",,"第１種中高層住居専用地域",60,200,"2020年第３四半期","未改装",""
426,"中古マンション等","","13112","東京都","世田谷区","等々力","九品仏","14",64000000,"","３ＬＤＫ","80",,"","","","平成10年","ＲＣ","住宅","住宅","","",,"第１種住居地域",60,300,"2020年第３四半期","改装済",""
427,"中古マンション等","","13112","東京都","世田谷区","等々力","九品仏","17",60000000,"","３ＬＤＫ","65",,"","","","平成24年","ＲＣ","","","","",,"第１種住居地域",60,200,"2020年第３四半期","未改装",""
428,"中古マンション等","","13112","東京都","世田谷区","等々力","自由が丘(東京)","11",98000000,"","３ＬＤＫ","90",,"","","","平成9年","ＲＣ","住宅","住宅","","",,"第１種低層住居専用地域",50,100,"2020年第３四半期","改装済",""
429,"中古マンション等","","13112","東京都","世田谷区","等々力","等々力","7",54000000,"","２ＬＤＫ","60",,"","","","平成16年","ＲＣ","住宅","住宅","","",,"近隣商業地域",80,300,"2020年第３四半期","未改装",""
430,"中古マンション等","","13112","東京都","世田谷区","等々力","等々力","10",72000000,"","３ＬＤＫ","70",,"","","","平成27年","ＲＣ","住宅","住宅","","",,"第１種中高層住居専用地域",60,200,"2020年第３四半期","未改装",""
431,"中古マンション等","","13112","東京都","世田谷区","等々力","等々力","14",39000000,"","２ＬＤＫ","55",,"","","","平成11年","ＲＣ","住宅","住宅","","",,"近隣商業地域",80,300,"2020年第３四半期","未改装",""
432,"中古マンション等","","13112","東京都","世田谷区","等々力","等々力","10",65000000,"","３ＬＤＫ","65",,"","","","平成8年","ＲＣ","住宅","住宅","","",,"第１種中高層住居専用地域",60,200,"2020年第３四半期","改装済",""
433,"中古マンション等","","13112","東京都","世田谷区","等々力","等々力","7",34000000,"","１Ｒ","40",,"","","","平成16年","ＲＣ","住宅","住宅","","",,"近隣商業地域",80,300,"2020年第３四半期","未改装",""
434,"宅地(土地)","商業地","13112","東京都","世田谷区","中町","上野毛","14",51000000,"3100000","","55",940000,"ほぼ長方形","5.4","","","","","住宅","南西","区道",7.0,"近隣商業地域",80,200,"2020年第３四半期","",""
435,"宅地(土地)","住宅地","13112","東京都","世田谷区","中町","上野毛","7",80000000,"2600000","","100",790000,"ほぼ長方形","13.5","","","","","住宅","東","区道",6.0,"第１種低層住居専用地域",50,100,"2020年第３四半期","",""
436,"宅地(土地と建物)","住宅地","13112","東京都","世田谷区","中町","上野毛","15",68000000,"","","80",,"台形","4.0","80","令和2年","木造","住宅","","北","私道",6.0,"第１種低層住居専用地域",50,100,"2020年第３四半期","",""
437,"中古マンション等","","13112","東京都","世田谷区","中町","上野毛","6",24000000,"","１Ｒ","30",,"","","","平成18年","ＲＣ","住宅","住宅","","",,"第１種住居地域",60,200,"2020年第３四半期","未改装",""
438,"宅地(土地)","住宅地","13112","東京都","世田谷区","中町","等々力","6",56000000,"1900000","","100",560000,"不整形","6.6","","","","","住宅","南","区道",6.0,"第１種低層住居専用地域",50,100,"2020年第３四半期","",""
439,"宅地(土地)","住宅地","13112","東京都","世田谷区","中町","等々力","4",70000000,"2700000","","85",830000,"ほぼ整形","6.6","","","","","住宅","南西","区道",6.0,"第１種低層住居専用地域",50,100,"2020年第３四半期","",""
440,"宅地(土地と建物)","住宅地","13112","東京都","世田谷区","中町","等々力","11",69000000,"","","120",,"ほぼ正方形","10.9","105","昭和53年","木造","住宅","住宅","西","区道",6.1,"第１種低層住居専用地域",50,100,"2020年第３四半期","",""
441,"宅地(土地)","住宅地","13112","東京都","世田谷区","中町","等々力","8",59000000,"2500000","","80",740000,"長方形","6.5","","","","","住宅","北","区道",4.0,"第１種低層住居専用地域",50,100,"2020年第３四半期","",""
442,"宅地(土地と建物)","住宅地","13112","東京都","世田谷区","中町","等々力","10",85000000,"","","90",,"長方形","5.1","120","平成21年","木造","住宅","住宅","東","区道",6.0,"第１種低層住居専用地域",50,100,"2020年第３四半期","",""
443,"宅地(土地)","住宅地","13112","東京都","世田谷区","中町","用賀","15",70000000,"2300000","","100",700000,"ほぼ長方形","7.9","","","","","住宅","南西","区道",5.9,"第１種低層住居専用地域",50,100,"2020年第３四半期","",""
444,"中古マンション等","","13112","東京都","世田谷区","中町","用賀","11",43000000,"","２ＬＤＫ","50",,"","","","","ＲＣ","住宅","住宅","","",,"近隣商業地域",80,200,"2020年第３四半期","未改装",""
445,"中古マンション等","","13112","東京都","世田谷区","野毛","上野毛","14",38000000,"","２ＬＤＫ","50",,"","","","平成10年","ＲＣ","住宅","住宅","","",,"第１種中高層住居専用地域",60,200,"2020年第３四半期","未改装",""
446,"宅地(土地と建物)","住宅地","13112","東京都","世田谷区","野沢","学芸大学","11",170000000,"","","220",,"ほぼ長方形","14.0","155","昭和42年","ＲＣ","住宅","住宅","北","区道",6.0,"第１種住居地域",60,200,"2020年第３四半期","",""
447,"中古マンション等","","13112","東京都","世田谷区","野沢","学芸大学","13",85000000,"","３ＬＤＫ","75",,"","","","平成14年","ＲＣ","住宅","住宅","","",,"第１種低層住居専用地域",50,150,"2020年第３四半期","改装済",""
448,"中古マンション等","","13112","東京都","世田谷区","野沢","学芸大学","11",58000000,"","３ＬＤＫ","70",,"","","","平成11年","ＲＣ","住宅","その他","","",,"第１種住居地域",60,200,"2020年第３四半期","",""
449,"宅地(土地と建物)","商業地","13112","東京都","世田谷区","野沢","駒沢大学","7",39000000,"","","70",,"不整形","8.1","80","昭和38年","木造","住宅、店舗","店舗","南西","都道",25.0,"近隣商業地域",80,300,"2020年第３四半期","",""
450,"宅地(土地)","住宅地","13112","東京都","世田谷区","野沢","駒沢大学","9",40000000,"2100000","","65",630000,"ほぼ長方形","9.0","","","","","住宅","北西","区道",3.5,"第１種低層住居専用地域",60,150,"2020年第３四半期","","私道を含む取引"
451,"宅地(土地)","住宅地","13112","東京都","世田谷区","野沢","駒沢大学","15",91000000,"2500000","","120",760000,"ほぼ長方形","6.1","","","","","住宅","北西","区道",6.0,"第１種低層住居専用地域",50,150,"2020年第３四半期","",""
452,"宅地(土地)","住宅地","13112","東京都","世田谷区","野沢","駒沢大学","7",10000000,"180000","","190",53000,"ほぼ長方形","","","","","","その他","接面道路無","",,"第１種低層住居専用地域",60,150,"2020年第３四半期","",""
453,"宅地(土地と建物)","住宅地","13112","東京都","世田谷区","野沢","駒沢大学","8",89000000,"","","150",,"長方形","10.1","120","昭和60年","木造","住宅","住宅","北東","区道",5.3,"第１種低層住居専用地域",60,150,"2020年第３四半期","",""
454,"中古マンション等","","13112","東京都","世田谷区","野沢","駒沢大学","8",8900000,"","１Ｋ","25",,"","","","平成25年","ＲＣ","住宅","住宅","","",,"近隣商業地域",80,300,"2020年第３四半期","未改装",""
455,"中古マンション等","","13112","東京都","世田谷区","野沢","駒沢大学","14",81000000,"","３ＬＤＫ","95",,"","","","平成20年","ＲＣ","住宅","住宅","","",,"第１種低層住居専用地域",50,150,"2020年第３四半期","改装済",""
456,"中古マンション等","","13112","東京都","世田谷区","八幡山","上北沢","13",44000000,"","２ＬＤＫ","70",,"","","","平成8年","ＲＣ","住宅","住宅","","",,"第１種低層住居専用地域",50,100,"2020年第３四半期","未改装",""
457,"中古マンション等","","13112","東京都","世田谷区","八幡山","桜上水","15",50000000,"","３ＬＤＫ","65",,"","","","平成28年","ＲＣ","住宅","住宅","","",,"第１種住居地域",60,200,"2020年第３四半期","未改装",""
458,"宅地(土地と建物)","住宅地","13112","東京都","世田谷区","八幡山","八幡山","11",37000000,"","","110",,"ほぼ長方形","6.0","80","昭和60年","木造","住宅","住宅","北西","私道",4.0,"第１種低層住居専用地域",50,100,"2020年第３四半期","","調停・競売等、私道を含む取引"
459,"宅地(土地と建物)","住宅地","13112","東京都","世田谷区","八幡山","八幡山","13",61000000,"","","100",,"長方形","6.8","80","令和2年","木造","住宅","住宅","南東","私道",4.0,"第１種低層住居専用地域",50,100,"2020年第３四半期","",""
460,"宅地(土地と建物)","住宅地","13112","東京都","世田谷区","八幡山","八幡山","15",56000000,"","","90",,"長方形","6.6","80","令和2年","木造","住宅","住宅","北西","区道",6.0,"第１種低層住居専用地域",50,100,"2020年第３四半期","",""
461,"宅地(土地と建物)","住宅地","13112","東京都","世田谷区","八幡山","八幡山","10",74000000,"","","115",,"ほぼ長方形","11.8","90","令和2年","木造","住宅","住宅","東","区道",3.8,"第１種低層住居専用地域",50,100,"2020年第３四半期","","私道を含む取引"
462,"宅地(土地)","住宅地","13112","東京都","世田谷区","羽根木","新代田","5",180000000,"2800000","","210",850000,"長方形","11.6","","","","","住宅","南","区道",4.5,"第１種低層住居専用地域",60,150,"2020年第３四半期","",""
463,"中古マンション等","","13112","東京都","世田谷区","羽根木","新代田","6",35000000,"","１Ｋ","25",,"","","","令和2年","ＲＣ","住宅","住宅","","",,"準住居地域",60,300,"2020年第３四半期","未改装",""
464,"宅地(土地と建物)","商業地","13112","東京都","世田谷区","羽根木","代田橋","4",170000000,"","","75",,"ほぼ長方形","4.7","180","令和2年","ＲＣ","共同住宅","住宅","西","区道",5.4,"近隣商業地域",80,300,"2020年第３四半期","",""
465,"宅地(土地)","住宅地","13112","東京都","世田谷区","羽根木","代田橋","8",130000000,"1900000","","210",580000,"ほぼ長方形","14.4","","","","","住宅","南東","区道",3.2,"第１種低層住居専用地域",60,150,"2020年第３四半期","",""
466,"宅地(土地)","住宅地","13112","東京都","世田谷区","羽根木","東松原","7",61000000,"2000000","","100",610000,"ほぼ台形","7.4","","","","","住宅","南西","区道",5.2,"第１種低層住居専用地域",60,150,"2020年第３四半期","",""
467,"宅地(土地)","住宅地","13112","東京都","世田谷区","東玉川","奥沢","9",84000000,"1900000","","145",590000,"ほぼ長方形","11.5","","","","","住宅","東","区道",3.8,"第１種低層住居専用地域",50,100,"2020年第３四半期","",""
468,"宅地(土地と建物)","住宅地","13112","東京都","世田谷区","東玉川","田園調布","12",18000000,"","","60",,"ほぼ長方形","4.5","70","昭和45年","木造","住宅、店舗","住宅","南東","区道",5.4,"第１種低層住居専用地域",50,100,"2020年第３四半期","",""
469,"宅地(土地)","住宅地","13112","東京都","世田谷区","東玉川","雪が谷大塚","8",130000000,"1600000","","260",490000,"ほぼ正方形","16.0","","","","","住宅","南東","区道",4.0,"第１種低層住居専用地域",50,100,"2020年第３四半期","",""
470,"宅地(土地と建物)","商業地","13112","東京都","世田谷区","東玉川","雪が谷大塚","11",130000000,"","","120",,"ほぼ長方形","8.2","180","平成16年","ＲＣ","共同住宅、店舗","住宅","南西","都道",25.0,"第２種住居地域",60,200,"2020年第３四半期","",""
471,"宅地(土地)","住宅地","13112","東京都","世田谷区","東玉川","雪が谷大塚","9",52000000,"1900000","","90",560000,"長方形","6.8","","","","","住宅","南東","私道",3.0,"第１種低層住居専用地域",50,100,"2020年第３四半期","",""
472,"宅地(土地と建物)","住宅地","13112","東京都","世田谷区","深沢","尾山台","18",79000000,"","","70",,"ほぼ長方形","6.4","90","令和2年","木造","住宅","住宅","北東","区道",4.0,"第１種低層住居専用地域",60,150,"2020年第３四半期","",""
473,"宅地(土地と建物)","住宅地","13112","東京都","世田谷区","深沢","尾山台","15",21000000,"","","35",,"ほぼ長方形","3.6","65","昭和58年","木造","住宅","事務所","北","区道",6.3,"第１種低層住居専用地域",60,200,"2020年第３四半期","",""
474,"中古マンション等","","13112","東京都","世田谷区","深沢","尾山台","14",50000000,"","２ＬＤＫ","60",,"","","","平成13年","ＲＣ","住宅","","","",,"第１種低層住居専用地域",60,150,"2020年第３四半期","",""
475,"中古マンション等","","13112","東京都","世田谷区","深沢","九品仏","15",60000000,"","３ＬＤＫ","65",,"","","","平成11年","ＲＣ","住宅","住宅","","",,"第１種住居地域",60,300,"2020年第３四半期","改装済",""
476,"宅地(土地と建物)","住宅地","13112","東京都","世田谷区","深沢","駒沢大学","21",80000000,"","","150",,"ほぼ長方形","13.0","180","昭和61年","木造","住宅","住宅","南東","道路",3.8,"第１種低層住居専用地域",50,100,"2020年第３四半期","",""
477,"宅地(土地と建物)","住宅地","13112","東京都","世田谷区","深沢","駒沢大学","20",110000000,"","","110",,"ほぼ長方形","5.2","175","平成30年","木造","共同住宅","住宅","北東","区道",5.8,"近隣商業地域",80,300,"2020年第３四半期","",""
478,"宅地(土地と建物)","住宅地","13112","東京都","世田谷区","深沢","駒沢大学","21",110000000,"","","95",,"ほぼ長方形","8.0","95","令和2年","木造","住宅","住宅","西","区道",11.0,"第１種低層住居専用地域",50,100,"2020年第３四半期","",""
479,"宅地(土地と建物)","住宅地","13112","東京都","世田谷区","深沢","駒沢大学","21",130000000,"","","105",,"ほぼ長方形","9.0","95","昭和64年","木造","住宅","住宅","西","区道",11.0,"第１種低層住居専用地域",50,100,"2020年第３四半期","",""
480,"中古マンション等","","13112","東京都","世田谷区","深沢","駒沢大学","20",75000000,"","４ＬＤＫ","105",,"","","","平成11年","ＲＣ","住宅","住宅","","",,"第１種低層住居専用地域",50,100,"2020年第３四半期","未改装",""
481,"宅地(土地)","住宅地","13112","東京都","世田谷区","深沢","桜新町","9",74000000,"2900000","","85",870000,"長方形","7.0","","","","","住宅","北西","区道",5.2,"第１種低層住居専用地域",50,100,"2020年第３四半期","",""
482,"宅地(土地)","住宅地","13112","東京都","世田谷区","深沢","桜新町","10",100000000,"2900000","","120",870000,"長方形","6.7","","","","","住宅","北東","区道",8.0,"第１種低層住居専用地域",50,100,"2020年第３四半期","",""
483,"中古マンション等","","13112","東京都","世田谷区","深沢","桜新町","8",39000000,"","１ＬＤＫ","40",,"","","","平成15年","ＲＣ","住宅","住宅","","",,"準住居地域",60,300,"2020年第３四半期","未改装",""
484,"中古マンション等","","13112","東京都","世田谷区","深沢","桜新町","9",55000000,"","２ＬＤＫ","50",,"","","","平成15年","ＲＣ","住宅","住宅","","",,"準住居地域",60,300,"2020年第３四半期","改装済",""
485,"中古マンション等","","13112","東京都","世田谷区","深沢","桜新町","9",27000000,"","１Ｋ","25",,"","","","平成24年","ＲＣ","住宅","住宅","","",,"準住居地域",60,300,"2020年第３四半期","未改装",""
486,"中古マンション等","","13112","東京都","世田谷区","深沢","桜新町","9",52000000,"","２ＬＤＫ","50",,"","","","平成15年","ＲＣ","住宅","住宅","","",,"準住居地域",60,300,"2020年第３四半期","未改装",""
487,"宅地(土地と建物)","住宅地","13112","東京都","世田谷区","深沢","等々力","18",72000000,"","","90",,"長方形","5.2","85","平成30年","木造","住宅","住宅","北東","区道",6.0,"第１種低層住居専用地域",50,100,"2020年第３四半期","",""
488,"宅地(土地と建物)","住宅地","13112","東京都","世田谷区","深沢","等々力","19",94000000,"","","100",,"ほぼ整形","5.0","90","令和2年","木造","住宅","住宅","北","私道",5.0,"第１種低層住居専用地域",50,100,"2020年第３四半期","",""
489,"宅地(土地と建物)","住宅地","13112","東京都","世田谷区","深沢","等々力","19",100000000,"","","100",,"ほぼ長方形","11.3","100","令和2年","木造","住宅","住宅","北","私道",5.0,"第１種低層住居専用地域",50,100,"2020年第３四半期","",""
490,"宅地(土地と建物)","住宅地","13112","東京都","世田谷区","深沢","等々力","19",92000000,"","","110",,"不整形","","100","令和2年","木造","住宅","住宅","北","私道",5.0,"第１種低層住居専用地域",50,100,"2020年第３四半期","",""
491,"宅地(土地)","住宅地","13112","東京都","世田谷区","深沢","等々力","20",65000000,"2100000","","105",630000,"ほぼ整形","","","","","","住宅","西","私道",5.0,"第１種低層住居専用地域",50,100,"2020年第３四半期","",""
492,"宅地(土地と建物)","住宅地","13112","東京都","世田谷区","深沢","都立大学","23",190000000,"","","330",,"ほぼ正方形","18.0","340","平成2年","木造","住宅、作業場、駐車場","","西","区道",11.0,"第１種低層住居専用地域",50,100,"2020年第３四半期","",""
493,"宅地(土地と建物)","住宅地","13112","東京都","世田谷区","深沢","都立大学","18",76000000,"","","100",,"ほぼ正方形","9.8","90","昭和40年","木造","住宅","","西","区道",5.9,"第１種低層住居専用地域",50,100,"2020年第３四半期","",""
494,"中古マンション等","","13112","東京都","世田谷区","深沢","都立大学","19",56000000,"","３ＬＤＫ","80",,"","","","平成16年","ＲＣ","住宅","住宅","","",,"第１種中高層住居専用地域",60,200,"2020年第３四半期","未改装",""
495,"中古マンション等","","13112","東京都","世田谷区","深沢","都立大学","22",53000000,"","２ＬＤＫ","60",,"","","","平成18年","ＲＣ","住宅","住宅","","",,"第１種中高層住居専用地域",60,200,"2020年第３四半期","未改装",""
496,"宅地(土地)","住宅地","13112","東京都","世田谷区","船橋","千歳船橋","13",56000000,"1800000","","100",550000,"長方形","7.5","","","","","住宅","東","私道",4.0,"第１種低層住居専用地域",50,100,"2020年第３四半期","",""
497,"宅地(土地と建物)","住宅地","13112","東京都","世田谷区","船橋","千歳船橋","14",64000000,"","","75",,"長方形","5.5","100","令和2年","木造","住宅","住宅","南東","区道",4.0,"第１種中高層住居専用地域",60,200,"2020年第３四半期","",""
498,"宅地(土地と建物)","住宅地","13112","東京都","世田谷区","船橋","千歳船橋","12",60000000,"","","150",,"ほぼ長方形","9.8","135","昭和63年","木造","住宅","住宅","西","区道",4.0,"第１種低層住居専用地域",50,100,"2020年第３四半期","","私道を含む取引"
499,"中古マンション等","","13112","東京都","世田谷区","船橋","千歳船橋","8",55000000,"","２ＬＤＫ","70",,"","","","平成15年","ＲＣ","住宅","住宅","","",,"第１種低層住居専用地域",50,100,"2020年第３四半期","未改装",""
500,"中古マンション等","","13112","東京都","世田谷区","船橋","千歳船橋","11",31000000,"","１ＬＤＫ","55",,"","","","昭和61年","ＲＣ","住宅","住宅","","",,"第１種中高層住居専用地域",60,200,"2020年第３四半期","未改装",""
501,"中古マンション等","","13112","東京都","世田谷区","船橋","千歳船橋","18",33000000,"","２ＬＤＫ","50",,"","","","平成8年","ＲＣ","住宅","住宅","","",,"第１種中高層住居専用地域",60,200,"2020年第３四半期","改装済",""
502,"中古マンション等","","13112","東京都","世田谷区","船橋","千歳船橋","19",11000000,"","２ＤＫ","35",,"","","","昭和53年","ＲＣ","","住宅","","",,"第１種中高層住居専用地域",60,200,"2020年第３四半期","",""
503,"中古マンション等","","13112","東京都","世田谷区","船橋","千歳船橋","16",40000000,"","３ＬＤＫ","75",,"","","","平成6年","ＲＣ","住宅","住宅","","",,"第１種中高層住居専用地域",60,200,"2020年第３四半期","未改装",""
504,"中古マンション等","","13112","東京都","世田谷区","船橋","千歳船橋","12",63000000,"","４ＬＤＫ","70",,"","","","平成12年","ＲＣ","住宅","住宅","","",,"第１種中高層住居専用地域",60,200,"2020年第３四半期","改装済",""
505,"中古マンション等","","13112","東京都","世田谷区","船橋","千歳船橋","10",59000000,"","３ＬＤＫ","70",,"","","","平成26年","ＲＣ","住宅","住宅","","",,"第１種中高層住居専用地域",60,200,"2020年第３四半期","未改装",""
506,"中古マンション等","","13112","東京都","世田谷区","船橋","千歳船橋","18",42000000,"","３ＬＤＫ","70",,"","","","平成21年","ＲＣ","住宅","住宅","","",,"第１種中高層住居専用地域",60,200,"2020年第３四半期","改装済",""
507,"中古マンション等","","13112","東京都","世田谷区","松原","豪徳寺","4",23000000,"","１Ｋ","20",,"","","","平成19年","ＲＣ","","住宅","","",,"近隣商業地域",80,300,"2020年第３四半期","",""
508,"宅地(土地と建物)","住宅地","13112","東京都","世田谷区","松原","下高井戸","4",66000000,"","","70",,"ほぼ長方形","5.1","90","令和2年","木造","住宅","住宅","北","区道",3.4,"第１種中高層住居専用地域",60,200,"2020年第３四半期","",""
509,"宅地(土地と建物)","住宅地","13112","東京都","世田谷区","松原","下高井戸","3",95000000,"","","95",,"長方形","6.0","135","令和2年","木造","住宅","住宅","西","区道",3.5,"第１種中高層住居専用地域",60,200,"2020年第３四半期","",""
510,"宅地(土地)","住宅地","13112","東京都","世田谷区","松原","東松原","6",4100000,"340000","","40",100000,"不整形","1.1","","","","","住宅","接面道路無","",,"第１種低層住居専用地域",60,150,"2020年第３四半期","",""
511,"宅地(土地と建物)","住宅地","13112","東京都","世田谷区","松原","東松原","9",74000000,"","","100",,"袋地等","2.5","125","平成19年","木造","住宅","住宅","東","区道",5.2,"第１種低層住居専用地域",60,150,"2020年第３四半期","",""
512,"宅地(土地と建物)","住宅地","13112","東京都","世田谷区","松原","東松原","7",71000000,"","","75",,"長方形","5.1","90","令和2年","木造","住宅","住宅","西","区道",4.5,"第１種低層住居専用地域",60,150,"2020年第３四半期","",""
513,"中古マンション等","","13112","東京都","世田谷区","松原","東松原","7",50000000,"","２ＬＤＫ","65",,"","","","平成14年","ＲＣ","住宅","住宅","","",,"第１種低層住居専用地域",60,150,"2020年第３四半期","未改装",""
514,"宅地(土地)","住宅地","13112","東京都","世田谷区","松原","明大前","4",68000000,"2000000","","110",610000,"ほぼ長方形","8.8","","","","","住宅","北","私道",3.9,"第１種住居地域",60,200,"2020年第３四半期","",""
515,"宅地(土地と建物)","住宅地","13112","東京都","世田谷区","松原","明大前","6",400000000,"","","480",,"長方形","17.6","660","昭和61年","ＲＣ","共同住宅","住宅","南東","区道",3.5,"第１種低層住居専用地域",60,150,"2020年第３四半期","",""
516,"宅地(土地)","商業地","13112","東京都","世田谷区","松原","明大前","3",100000000,"3400000","","100",1000000,"台形","5.5","","","","","店舗","南西","区道",4.6,"商業地域",80,400,"2020年第３四半期","",""
517,"中古マンション等","","13112","東京都","世田谷区","松原","明大前","6",19000000,"","１Ｋ","20",,"","","","平成11年","ＲＣ","住宅","住宅","","",,"商業地域",80,400,"2020年第３四半期","改装済",""
518,"中古マンション等","","13112","東京都","世田谷区","三宿","池尻大橋","11",28000000,"","１ＤＫ＋Ｓ","40",,"","","","昭和50年","ＲＣ","","住宅","","",,"第１種住居地域",60,200,"2020年第３四半期","未改装",""
519,"中古マンション等","","13112","東京都","世田谷区","三宿","池尻大橋","11",28000000,"","１ＤＫ","40",,"","","","昭和50年","ＲＣ","","住宅","","",,"第１種住居地域",60,200,"2020年第３四半期","改装済",""
520,"中古マンション等","","13112","東京都","世田谷区","三宿","池尻大橋","10",31000000,"","１ＬＤＫ","35",,"","","","平成8年","ＲＣ","住宅","住宅","","",,"近隣商業地域",80,300,"2020年第３四半期","未改装",""
521,"中古マンション等","","13112","東京都","世田谷区","三宿","池尻大橋","11",13000000,"","１Ｋ","15",,"","","","昭和62年","ＲＣ","住宅","住宅","","",,"第１種中高層住居専用地域",60,200,"2020年第３四半期","未改装",""
522,"中古マンション等","","13112","東京都","世田谷区","三宿","池尻大橋","9",70000000,"","２ＬＤＫ","70",,"","","","平成12年","ＲＣ","住宅","住宅","","",,"第１種住居地域",60,200,"2020年第３四半期","未改装",""
523,"中古マンション等","","13112","東京都","世田谷区","三宿","池尻大橋","9",41000000,"","１ＬＤＫ","40",,"","","","平成10年","ＲＣ","住宅","住宅","","",,"近隣商業地域",80,300,"2020年第３四半期","未改装",""
524,"宅地(土地)","住宅地","13112","東京都","世田谷区","三宿","三軒茶屋","15",55000000,"2100000","","85",630000,"ほぼ長方形","9.0","","","","","住宅","北","区道",2.5,"第１種中高層住居専用地域",60,200,"2020年第３四半期","",""
525,"中古マンション等","","13112","東京都","世田谷区","三宿","三軒茶屋","9",55000000,"","３ＬＤＫ","55",,"","","","平成6年","ＲＣ","住宅","住宅","","",,"第１種住居地域",60,200,"2020年第３四半期","改装済",""
526,"宅地(土地と建物)","商業地","13112","東京都","世田谷区","南烏山","千歳烏山","6",160000000,"","","220",,"長方形","6.7","340","昭和63年","ＲＣ","共同住宅、事務所、店舗","住宅","北","区道",9.7,"近隣商業地域",80,300,"2020年第３四半期","",""
527,"宅地(土地)","住宅地","13112","東京都","世田谷区","南烏山","千歳烏山","8",47000000,"1700000","","95",500000,"ほぼ台形","","","","","","その他","接面道路無","",,"第１種低層住居専用地域",50,100,"2020年第３四半期","",""
528,"中古マンション等","","13112","東京都","世田谷区","南烏山","千歳烏山","8",50000000,"","３ＬＤＫ","70",,"","","","昭和60年","ＳＲＣ","住宅","住宅","","",,"準住居地域",60,300,"2020年第３四半期","改装済",""
529,"中古マンション等","","13112","東京都","世田谷区","南烏山","千歳烏山","4",9000000,"","１Ｋ","15",,"","","","昭和60年","ＲＣ","住宅","住宅","","",,"第１種住居地域",60,200,"2020年第３四半期","",""
530,"中古マンション等","","13112","東京都","世田谷区","南烏山","千歳烏山","6",65000000,"","３ＬＤＫ","65",,"","","","平成21年","ＲＣ","住宅","住宅","","",,"第１種中高層住居専用地域",60,200,"2020年第３四半期","未改装",""
531,"中古マンション等","","13112","東京都","世田谷区","南烏山","八幡山","6",18000000,"","１Ｋ","20",,"","","","平成11年","ＲＣ","住宅","住宅","","",,"第２種住居地域",60,300,"2020年第３四半期","未改装",""
532,"宅地(土地と建物)","住宅地","13112","東京都","世田谷区","南烏山","芦花公園","6",150000000,"","","210",,"袋地等","3.0","240","令和2年","木造","共同住宅","住宅","東","区道",4.0,"第１種中高層住居専用地域",60,200,"2020年第３四半期","",""
533,"宅地(土地)","住宅地","13112","東京都","世田谷区","南烏山","芦花公園","6",65000000,"2100000","","105",620000,"ほぼ長方形","9.1","","","","","住宅","南","区道",4.0,"第１種中高層住居専用地域",60,200,"2020年第３四半期","",""
534,"中古マンション等","","13112","東京都","世田谷区","南烏山","芦花公園","3",43000000,"","３ＬＤＫ","55",,"","","","昭和51年","ＲＣ","住宅","住宅","","",,"第１種中高層住居専用地域",60,200,"2020年第３四半期","改装済",""
535,"中古マンション等","","13112","東京都","世田谷区","南烏山","芦花公園","2",60000000,"","３ＬＤＫ","75",,"","","","平成7年","ＳＲＣ","住宅","住宅","","",,"第１種住居地域",60,200,"2020年第３四半期","改装済",""
536,"中古マンション等","","13112","東京都","世田谷区","南烏山","芦花公園","3",47000000,"","２ＬＤＫ","70",,"","","","平成12年","ＲＣ","住宅","住宅","","",,"近隣商業地域",80,300,"2020年第３四半期","未改装",""
537,"宅地(土地と建物)","商業地","13112","東京都","世田谷区","宮坂","経堂","3",290000000,"","","95",,"ほぼ長方形","6.8","260","令和2年","ＲＣ","共同住宅、事務所","住宅","南西","都道",4.5,"商業地域",80,500,"2020年第３四半期","",""
538,"宅地(土地)","住宅地","13112","東京都","世田谷区","宮坂","経堂","7",54000000,"1800000","","100",540000,"ほぼ長方形","6.8","","","","","住宅","南西","私道",4.5,"第１種低層住居専用地域",50,100,"2020年第３四半期","","私道を含む取引"
539,"中古マンション等","","13112","東京都","世田谷区","宮坂","経堂","6",11000000,"","１Ｋ","20",,"","","","昭和59年","ＲＣ","住宅","住宅","","",,"第１種住居地域",60,200,"2020年第３四半期","改装済",""
540,"中古マンション等","","13112","東京都","世田谷区","宮坂","経堂","3",150000000,"","３ＬＤＫ","140",,"","","","昭和64年","ＲＣ","住宅","","","",,"第１種中高層住居専用地域",60,200,"2020年第３四半期","改装済",""
541,"宅地(土地と建物)","住宅地","13112","東京都","世田谷区","宮坂","豪徳寺","3",49000000,"","","55",,"ほぼ長方形","6.5","85","平成21年","木造","住宅","住宅","南東","区道",3.9,"第１種住居地域",60,200,"2020年第３四半期","",""
542,"宅地(土地と建物)","住宅地","13112","東京都","世田谷区","宮坂","豪徳寺","3",71000000,"","","55",,"ほぼ長方形","4.5","","令和2年","木造","住宅、駐車場","住宅","北西","区道",3.7,"第１種住居地域",60,200,"2020年第３四半期","",""
543,"中古マンション等","","13112","東京都","世田谷区","宮坂","豪徳寺","4",47000000,"","１ＬＤＫ","50",,"","","","平成8年","ＲＣ","住宅","住宅","","",,"第１種住居地域",60,200,"2020年第３四半期","改装済",""
544,"宅地(土地と建物)","住宅地","13112","東京都","世田谷区","用賀","用賀","3",60000000,"","","160",,"ほぼ長方形","10.5","150","","木造","住宅","その他","北東","区道",6.0,"第１種住居地域",60,200,"2020年第３四半期","",""
545,"宅地(土地と建物)","商業地","13112","東京都","世田谷区","用賀","用賀","8",2700000000,"","","2000㎡以上",,"ほぼ整形","50.0m以上","1700","平成15年","ＳＲＣ","工場、事務所、駐車場、店舗","その他","北西","国道",30.0,"準住居地域",60,300,"2020年第３四半期","",""
546,"中古マンション等","","13112","東京都","世田谷区","用賀","用賀","3",71000000,"","３ＬＤＫ","80",,"","","","昭和60年","ＲＣ","住宅","住宅","","",,"第１種住居地域",60,300,"2020年第３四半期","改装済",""
547,"中古マンション等","","13112","東京都","世田谷区","用賀","用賀","5",65000000,"","３ＬＤＫ","60",,"","","","平成10年","ＲＣ","住宅","住宅","","",,"第１種住居地域",60,300,"2020年第３四半期","改装済",""
548,"中古マンション等","","13112","東京都","世田谷区","用賀","用賀","11",66000000,"","２ＬＤＫ","65",,"","","","平成16年","ＲＣ","住宅","住宅","","",,"第１種低層住居専用地域",50,100,"2020年第３四半期","改装済",""
549,"中古マンション等","","13112","東京都","世田谷区","用賀","用賀","7",24000000,"","１Ｋ","20",,"","","","平成13年","ＳＲＣ","住宅","住宅","","",,"準住居地域",60,300,"2020年第３四半期","未改装",""
550,"中古マンション等","","13112","東京都","世田谷区","用賀","用賀","6",63000000,"","２ＬＤＫ","70",,"","","","平成12年","ＲＣ","住宅","住宅","","",,"準住居地域",60,300,"2020年第３四半期","未改装",""
551,"中古マンション等","","13112","東京都","世田谷区","用賀","用賀","11",75000000,"","３ＬＤＫ","80",,"","","","平成21年","ＲＣ","住宅","住宅","","",,"第１種住居地域",60,200,"2020年第３四半期","改装済",""
552,"中古マンション等","","13112","東京都","世田谷区","用賀","用賀","3",64000000,"","３ＬＤＫ","60",,"","","","平成28年","ＲＣ","住宅","住宅","","",,"第１種住居地域",60,200,"2020年第３四半期","未改装",""
553,"中古マンション等","","13112","東京都","世田谷区","用賀","用賀","1",65000000,"","３ＬＤＫ","70",,"","","","平成9年","ＳＲＣ","住宅","住宅","","",,"第１種住居地域",60,300,"2020年第３四半期","改装済",""
554,"中古マンション等","","13112","東京都","世田谷区","用賀","用賀","5",62000000,"","３ＬＤＫ","60",,"","","","平成27年","ＲＣ","","","","",,"第１種住居地域",60,300,"2020年第３四半期","改装済",""
555,"中古マンション等","","13112","東京都","世田谷区","用賀","用賀","2",26000000,"","１Ｋ","20",,"","","","平成19年","ＲＣ","住宅","住宅","","",,"近隣商業地域",80,300,"2020年第３四半期","未改装",""
556,"中古マンション等","","13112","東京都","世田谷区","用賀","用賀","7",54000000,"","","55",,"","","","平成13年","ＲＣ","住宅","住宅","","",,"準住居地域",60,300,"2020年第３四半期","未改装",""
557,"中古マンション等","","13112","東京都","世田谷区","用賀","用賀","9",88000000,"","３ＬＤＫ","80",,"","","","平成17年","ＲＣ","","住宅","","",,"第１種中高層住居専用地域",60,200,"2020年第３四半期","未改装",""
558,"宅地(土地)","住宅地","13112","東京都","世田谷区","若林","松陰神社前","2",220000000,"1900000","","370",580000,"ほぼ長方形","14.0","","","","","住宅","南東","私道",4.0,"第１種中高層住居専用地域",60,200,"2020年第３四半期","","私道を含む取引"
559,"宅地(土地と建物)","住宅地","13112","東京都","世田谷区","若林","松陰神社前","4",65000000,"","","85",,"長方形","6.5","105","平成12年","木造","住宅","住宅","南東","区道",3.1,"第１種中高層住居専用地域",60,200,"2020年第３四半期","",""
560,"中古マンション等","","13112","東京都","世田谷区","若林","松陰神社前","5",74000000,"","３ＬＤＫ","95",,"","","","平成19年","ＲＣ","住宅","住宅","","",,"第２種住居地域",60,300,"2020年第３四半期","",""
561,"宅地(土地と建物)","住宅地","13112","東京都","世田谷区","若林","西太子堂","6",91000000,"","","70",,"長方形","6.0","120","令和2年","木造","住宅","住宅","北","私道",4.0,"第１種低層住居専用地域",60,150,"2020年第３四半期","",""
562,"宅地(土地と建物)","住宅地","13112","東京都","世田谷区","若林","西太子堂","3",56000000,"","","60",,"不整形","2.0","65","令和2年","木造","住宅","住宅","東","区道",3.4,"第１種住居地域",60,200,"2020年第３四半期","","私道を含む取引"
563,"中古マンション等","","13112","東京都","世田谷区","若林","西太子堂","2",47000000,"","１ＬＤＫ","40",,"","","","平成24年","ＲＣ","住宅","住宅","","",,"第１種住居地域",60,200,"2020年第３四半期","未改装",""
564,"宅地(土地と建物)","住宅地","13112","東京都","世田谷区","若林","若林(東京)","4",20000000,"","","65",,"長方形","6.3","","","","","その他","東","私道",4.0,"近隣商業地域",80,300,"2020年第３四半期","","私道を含む取引"
565,"宅地(土地)","住宅地","13112","東京都","世田谷区","若林","若林(東京)","5",66000000,"2500000","","85",760000,"ほぼ正方形","9.7","","","","","","南東","区道",4.9,"第１種低層住居専用地域",60,150,"2020年第３四半期","",""
566,"宅地(土地)","住宅地","13112","東京都","世田谷区","若林","若林(東京)","3",140000000,"1800000","","250",560000,"ほぼ整形","14.5","","","","","住宅","北西","私道",4.0,"第１種中高層住居専用地域",60,200,"2020年第３四半期","","私道を含む取引"
567,"宅地(土地と建物)","住宅地","13112","東京都","世田谷区","若林","若林(東京)","9",81000000,"","","65",,"長方形","5.0","100","令和2年","木造","住宅","住宅","北","区道",5.5,"第１種中高層住居専用地域",60,200,"2020年第３四半期","","私道を含む取引"
568,"中古マンション等","","13112","東京都","世田谷区","若林","若林(東京)","5",21000000,"","１Ｋ","20",,"","","","平成15年","ＲＣ","住宅","住宅","","",,"近隣商業地域",80,300,"2020年第３四半期","未改装",""
